date,AAPL,AIG,AMD,AMZN,AXP,BA,BAC,C,GE,HBAN,INTC,JNJ,JPM,KEY,MMM,MSFT,NTRS,PNC,STT,TROW,USB,ZION
2019-01-02,21,11,63,0,0,20,0,31,0,0,0,74,0,0,95,41,0,100,0,40,0,0
2019-01-03,21,11,63,0,0,20,0,31,0,0,0,74,0,0,95,41,0,100,0,40,0,0
2019-01-04,21,11,63,0,0,20,0,31,0,0,0,74,0,0,95,41,0,100,0,40,0,0
2019-01-07,21,11,63,0,0,20,0,31,0,0,0,74,0,0,95,41,0,100,0,40,0,0
2019-01-08,21,11,63,0,0,20,0,31,0,0,0,74,0,0,95,41,0,100,0,40,0,0
2019-01-09,21,11,63,0,0,20,0,31,0,0,0,74,0,0,95,41,0,100,0,40,0,0
2019-01-10,21,11,63,0,0,20,0,31,0,0,0,74,0,0,95,41,0,100,0,40,0,0
2019-01-11,21,11,63,0,0,20,0,31,0,0,0,74,0,0,95,41,0,100,0,40,0,0
2019-01-14,21,11,63,0,0,20,0,31,0,0,0,74,0,0,95,41,0,100,0,40,0,0
2019-01-15,21,11,63,0,0,20,0,31,0,0,0,74,0,0,95,41,0,100,0,40,0,0
2019-01-16,21,11,63,0,0,20,0,31,0,0,0,74,0,0,95,41,0,100,0,40,0,0
2019-01-17,21,11,63,0,0,20,0,31,0,0,0,74,0,0,95,41,0,100,0,40,0,0
2019-01-18,21,11,63,0,0,20,0,31,0,0,0,74,0,0,95,41,0,100,0,40,0,0
2019-01-22,21,11,63,0,0,20,0,31,0,0,0,74,0,0,95,41,0,100,0,40,0,0
2019-01-23,21,11,63,0,0,20,0,31,0,0,0,74,0,0,95,41,0,100,0,40,0,0
2019-01-24,21,11,63,0,0,20,0,31,0,0,0,74,0,0,95,41,0,100,0,40,0,0
2019-01-25,21,11,63,0,0,20,0,31,0,0,0,74,0,0,95,41,0,100,0,40,0,0
2019-01-28,21,11,63,0,0,20,0,31,0,0,0,74,0,0,95,41,0,100,0,40,0,0
2019-01-29,21,11,63,0,0,20,0,31,0,0,0,74,0,0,95,41,0,100,0,40,0,0
2019-01-30,21,11,63,0,0,20,0,31,0,0,0,74,0,0,95,41,0,100,0,40,0,0
2019-01-31,21,11,63,0,0,20,0,31,0,0,0,74,0,0,95,41,0,100,0,40,0,0
2019-02-01,21,11,63,0,0,20,0,31,0,0,0,74,0,0,95,41,0,100,0,40,0,0
2019-02-04,21,11,63,0,0,20,0,31,0,0,0,74,0,0,95,41,0,100,0,40,0,0
2019-02-05,21,11,63,0,0,20,0,31,0,0,0,74,0,0,95,41,0,100,0,40,0,0
2019-02-06,21,11,63,0,0,20,0,31,0,0,0,74,0,0,95,41,0,100,0,40,0,0
2019-02-07,21,11,63,0,0,20,0,31,0,0,0,74,0,0,95,41,0,100,0,40,0,0
2019-02-08,21,11,63,0,0,20,0,31,0,0,0,74,0,0,95,41,0,100,0,40,0,0
2019-02-11,21,11,63,0,0,20,0,31,0,0,0,74,0,0,95,41,0,100,0,40,0,0
2019-02-12,21,11,63,0,0,20,0,31,0,0,0,74,0,0,95,41,0,100,0,40,0,0
2019-02-13,21,11,63,0,0,20,0,31,0,0,0,74,0,0,95,41,0,100,0,40,0,0
2019-02-14,21,11,63,0,0,19,0,30,0,0,0,74,0,0,94,41,0,100,0,40,0,0
2019-02-15,21,11,63,0,0,19,0,30,0,0,0,74,0,0,94,41,0,100,0,40,0,0
2019-02-19,19,10,62,0,0,19,0,31,0,0,0,69,0,0,91,39,0,100,0,37,0,0
2019-02-20,-6,22,-8,0,1,-13,0,-29,17,0,0,10,0,28,-39,-1,9,-16,0,-3,0,0
2019-02-21,0,0,5,0,-1,0,0,0,-17,0,0,39,0,-23,0,0,-9,100,0,0,0,0
2019-02-22,-17,26,-31,95,38,-20,25,-49,62,23,18,-13,0,52,-84,-16,100,-84,0,-19,0,1
2019-02-25,13,23,47,-95,-38,7,-25,12,-62,-23,-18,50,0,-26,46,28,-100,100,0,32,0,-1
2019-02-26,-4,23,2,0,0,-7,0,-27,0,0,0,24,0,17,-22,5,0,15,0,5,0,0
2019-02-27,0,0,1,0,0,0,0,-6,0,0,0,0,0,-6,0,0,0,48,0,0,0,0
2019-02-28,-14,26,-26,74,30,-18,13,-45,51,16,13,-7,0,46,-75,-12,88,-69,0,-15,0,0
2019-03-01,13,26,46,-74,-30,2,-13,7,-51,-16,-13,48,0,-25,41,28,-88,100,0,31,0,0
2019-03-04,-12,25,-23,60,25,-17,7,-40,45,12,9,-3,0,44,-67,-9,71,-58,0,-10,0,0
2019-03-05,0,1,46,-60,-25,0,-7,0,-45,-12,-9,48,0,-25,41,12,-71,100,0,31,0,0
2019-03-06,-14,26,-26,74,30,-18,13,-45,51,16,13,-7,0,46,-75,-12,88,-69,0,-15,0,0
2019-03-07,13,26,46,-74,-30,2,-13,7,-51,-16,-13,48,0,-25,41,28,-88,100,0,31,0,0
2019-03-08,-16,26,-23,67,29,-16,11,-43,48,10,11,-6,0,43,-72,-10,81,-65,0,-16,0,0
2019-03-11,0,15,46,-67,-29,0,-11,0,-48,-10,-11,48,0,-25,41,28,-81,100,0,31,0,0
2019-03-12,-16,26,-23,67,29,-16,11,-43,48,10,11,-6,0,43,-72,-10,81,-65,0,-16,0,0
2019-03-13,0,2,46,-67,-29,0,-11,0,-48,-10,-11,48,0,-25,41,28,-81,100,0,31,0,0
2019-03-14,-14,26,-26,74,30,-18,13,-45,51,16,13,-7,0,46,-75,-12,87,-69,0,-15,0,0
2019-03-15,13,26,46,-74,-30,0,-13,5,-51,-16,-13,48,0,-25,41,28,-87,100,0,31,0,0
2019-03-18,-14,26,-26,74,30,-18,13,-45,51,16,13,-7,0,46,-75,-12,88,-69,0,-15,0,0
2019-03-19,13,26,46,-74,-30,0,-13,5,-51,-16,-13,48,0,-25,41,28,-88,100,0,31,0,0
2019-03-20,-16,26,-23,67,29,-16,11,-43,48,10,11,-6,0,43,-72,-10,81,-65,0,-16,0,0
2019-03-21,0,5,46,-67,-29,0,-11,0,-48,-10,-11,48,0,-25,41,28,-81,100,0,31,0,0
2019-03-22,-16,26,-23,67,29,-16,11,-43,48,10,11,-6,0,43,-72,-10,81,-65,0,-16,0,0
2019-03-25,0,2,46,-67,-29,0,-11,0,-48,-10,-11,47,0,-25,39,29,-81,100,0,34,0,0
2019-03-26,-16,26,-23,67,29,-16,11,-43,48,10,11,-6,0,43,-72,-10,81,-65,0,-16,0,0
2019-03-27,0,1,46,-67,-29,0,-11,0,-48,-10,-11,48,0,-25,41,27,-81,100,0,31,0,0
2019-03-28,-16,27,-23,64,28,-16,10,-43,45,8,10,-5,0,42,-71,-10,79,-61,0,-15,0,0
2019-03-29,0,0,46,-64,-28,0,-10,0,-45,-8,-10,48,0,-25,41,21,-79,100,0,31,0,0
2019-04-01,-16,26,-23,67,29,-16,11,-43,48,10,11,-6,0,43,-72,-10,81,-65,0,-16,0,0
2019-04-02,0,10,46,-67,-29,0,-11,0,-48,-10,-11,48,0,-25,41,28,-81,100,0,31,0,0
2019-04-03,-16,26,-23,67,29,-16,11,-43,48,10,11,-6,0,43,-72,-10,81,-65,0,-16,0,0
2019-04-04,0,3,46,-67,-29,0,-11,0,-48,-10,-11,48,0,-25,41,28,-81,100,0,31,0,0
2019-04-05,-16,26,-23,67,29,-16,11,-43,48,10,11,-6,0,43,-72,-10,81,-65,0,-16,0,0
2019-04-08,0,6,46,-67,-29,0,-11,0,-48,-10,-11,48,0,-25,41,28,-81,100,0,31,0,0
2019-04-09,-16,26,-23,67,29,-16,11,-43,48,10,11,-6,0,43,-72,-10,81,-65,0,-16,0,0
2019-04-10,0,3,46,-67,-29,0,-11,0,-48,-10,-11,47,0,-25,39,29,-81,100,0,34,0,0
2019-04-11,-16,26,-23,67,29,-16,11,-43,48,10,11,-6,0,43,-72,-10,81,-65,0,-16,0,0
2019-04-12,0,2,46,-67,-29,0,-11,0,-48,-10,-11,47,0,-25,39,25,-81,100,0,34,0,0
2019-04-15,-13,28,-26,70,30,-18,12,-45,48,13,13,-6,0,44,-75,-12,85,-65,0,-14,0,0
2019-04-16,5,26,46,-70,-30,0,-12,0,-48,-13,-13,48,0,-25,41,28,-85,100,0,31,0,0
2019-04-17,-14,26,-26,74,30,-18,13,-45,51,16,13,-7,0,46,-75,-12,88,-69,0,-15,0,0
2019-04-18,12,26,46,-74,-30,0,-13,8,-51,-16,-13,47,0,-25,39,29,-88,100,0,34,0,0
2019-04-22,-13,28,-26,70,30,-18,12,-45,48,13,13,-6,0,44,-75,-12,85,-65,0,-14,0,0
2019-04-23,12,26,46,-70,-30,0,-12,5,-48,-13,-13,47,0,-25,39,29,-85,100,0,34,0,0
2019-04-24,-14,26,-26,74,30,-18,13,-45,51,16,13,-7,0,46,-75,-12,88,-69,0,-15,0,0
2019-04-25,12,26,46,-74,-30,2,-13,8,-51,-16,-13,47,0,-25,39,29,-88,100,0,34,0,0
2019-04-26,-13,28,-26,69,30,-18,12,-45,48,13,12,-6,0,44,-75,-12,85,-65,0,-14,0,0
2019-04-29,0,16,46,-69,-30,0,-12,0,-48,-13,-12,47,0,-25,39,29,-85,100,0,34,0,0
2019-04-30,-19,27,-32,91,38,-21,18,-49,61,23,17,-12,0,53,-86,-19,100,-84,0,-21,0,1
2019-05-01,13,26,46,-91,-38,4,-18,7,-61,-23,-17,48,0,-25,41,28,-100,100,0,31,0,-1
2019-05-02,-2,0,1,0,0,-2,0,-7,0,0,0,13,0,0,-5,0,0,43,0,0,0,0
2019-05-03,-19,27,-32,91,38,-21,18,0,61,23,17,-12,0,53,-86,-19,100,-84,0,-21,0,1
2019-05-06,10,25,39,-91,-38,0,-18,3,-60,-23,-17,43,0,-16,27,24,-100,100,0,31,0,-1
2019-05-07,0,0,4,0,0,0,0,-3,-1,0,0,0,0,-8,0,0,0,58,0,0,0,0
2019-05-08,-17,28,-29,77,33,-19,12,0,53,16,14,-8,0,48,-80,-16,95,-72,0,-17,0,0
2019-05-09,6,23,34,-77,-33,-1,-12,0,-53,-16,-14,40,0,-10,18,21,-95,93,0,27,0,0
2019-05-10,0,0,0,0,0,-1,0,0,0,0,0,0,0,-4,0,0,0,52,0,0,0,0
2019-05-13,-16,28,-28,74,32,-19,10,0,51,15,13,-7,0,47,-78,-16,92,-70,0,-16,0,0
2019-05-14,6,23,34,-74,-32,-1,-10,0,-51,-15,-13,40,0,-10,18,21,-92,93,0,27,0,0
2019-05-15,-1,26,9,0,0,-6,0,0,0,0,0,23,0,12,-17,1,0,31,0,11,0,0
2019-05-16,-16,28,-28,74,32,-19,10,0,51,15,13,-7,0,47,-78,-16,92,-70,0,-16,0,0
2019-05-17,6,23,34,-74,-32,-1,-10,0,-51,-15,-13,40,0,-10,18,20,-92,92,0,27,0,0
2019-05-20,-2,23,4,0,0,-4,0,0,0,0,0,15,0,1,-11,0,0,38,0,0,0,0
2019-05-21,-19,27,-32,91,38,-21,18,0,61,23,17,-12,0,53,-86,-19,100,-84,0,-21,0,1
2019-05-22,6,23,34,-91,-38,-1,-18,0,-55,-23,-17,40,0,-10,18,21,-100,93,0,27,0,-1
2019-05-23,0,0,2,0,0,-1,0,0,-6,0,0,0,0,-10,0,0,0,82,0,0,0,0
2019-05-24,-16,28,-28,74,32,-19,10,0,51,15,13,-7,0,47,-78,-16,92,-70,0,-16,0,0
2019-05-28,6,23,34,-74,-32,-1,-10,0,-51,-15,-13,40,0,-10,18,21,-92,93,0,27,0,0
2019-05-29,-4,22,0,0,0,-3,0,0,0,0,0,21,0,1,-13,0,0,30,0,2,0,0
2019-05-30,-19,28,-26,69,31,-18,9,0,49,10,11,-6,0,45,-76,-14,87,-68,0,-18,0,0
2019-05-31,6,23,34,-69,-31,-1,-9,0,-49,-10,-11,40,0,-10,18,21,-87,93,0,27,0,0
2019-06-03,-12,30,-7,0,8,-12,0,0,17,0,0,6,0,32,-50,0,14,-20,0,0,0,0
2019-06-04,0,0,2,0,-8,-1,0,0,-17,0,0,30,0,-10,0,0,-14,93,0,0,0,0
2019-06-05,-19,27,-32,91,38,-21,18,0,61,23,17,-12,0,53,-86,-19,100,-84,0,-21,0,1
2019-06-06,6,23,34,-91,-38,-1,-18,0,-55,-23,-17,40,0,-10,18,21,-100,93,0,27,0,-1
2019-06-07,0,0,0,0,0,-1,0,0,-6,0,0,0,0,-10,0,0,0,79,0,0,0,0
2019-06-10,-18,28,-28,76,34,-20,10,0,55,16,14,-9,0,52,-82,-19,99,-76,0,-19,0,0
2019-06-11,6,23,34,-76,-34,-1,-10,0,-55,-16,-14,40,0,-10,18,21,-99,93,0,27,0,0
2019-06-12,0,0,1,0,0,0,0,0,0,0,0,0,0,-8,0,0,0,55,0,0,0,0
2019-06-13,-19,27,-32,91,38,-21,18,0,61,23,17,-12,0,53,-86,-19,100,-84,0,-21,0,1
2019-06-14,6,23,34,-91,-38,-1,-18,0,-55,-23,-17,40,0,-10,18,21,-100,93,0,27,0,-1
2019-06-17,0,0,1,0,0,-1,0,0,-6,0,0,0,0,-10,0,0,0,80,0,0,0,0
2019-06-18,-18,28,-28,76,34,-19,10,0,55,16,14,-9,0,52,-82,-19,99,-76,0,-19,0,0
2019-06-19,6,23,34,-76,-34,0,-10,0,-55,-16,-14,40,0,-10,18,21,-99,94,0,27,0,0
2019-06-20,0,0,3,0,0,0,0,0,0,0,0,0,0,-8,0,0,0,54,0,0,0,0
2019-06-21,-18,28,-28,76,34,0,10,0,55,16,14,-9,0,52,-82,-19,99,-76,0,-19,0,0
2019-06-24,-11,30,-6,-16,4,0,-10,0,13,-16,-8,8,0,28,-48,0,8,-15,0,-1,0,0
2019-06-25,6,23,36,-60,-38,0,0,0,-57,0,-6,43,0,-10,21,21,-100,97,0,28,0,0
2019-06-26,-5,24,9,0,0,0,0,0,-11,0,0,17,0,15,-24,6,-7,19,0,7,0,0
2019-06-27,-15,28,-15,15,18,0,0,0,31,0,0,2,0,43,-62,-7,43,-41,0,-6,0,0
2019-06-28,0,0,3,-15,-18,0,0,0,-31,0,0,40,0,-10,0,0,-43,97,0,0,0,0
2019-07-01,-21,24,-35,100,44,0,22,0,67,33,20,-15,0,58,-90,-22,100,-97,0,-25,0,2
2019-07-02,-4,27,1,-49,-4,0,-22,0,0,-33,-14,15,0,23,-33,1,-20,4,0,3,0,-2
2019-07-03,10,25,42,-51,-40,0,0,5,-63,0,-6,45,0,-17,31,26,-80,100,0,32,0,0
2019-07-05,-15,29,-20,42,22,0,0,-5,40,0,6,0,0,46,-70,-11,66,-55,0,-11,0,0
2019-07-08,0,20,28,-42,-22,0,0,0,-44,0,-6,36,0,-5,4,17,-66,76,0,24,0,0
2019-07-09,-19,26,-30,88,37,0,11,0,58,25,17,-11,0,55,-83,-19,100,-85,0,-22,0,0
2019-07-10,-14,32,-9,-7,8,0,-11,0,18,-25,-7,7,0,34,-56,-2,20,-24,0,-2,0,0
2019-07-11,6,23,36,-81,-45,0,0,0,-57,0,-10,43,0,-10,20,21,-100,97,0,28,0,0
2019-07-12,0,0,0,0,0,0,0,0,-19,0,0,0,0,-10,0,0,-20,78,0,0,0,0
2019-07-15,-19,23,-30,95,41,0,21,0,61,26,19,-15,0,54,-82,-21,100,-89,0,-22,0,0
2019-07-16,-14,32,-9,-7,8,0,-19,0,18,-26,-7,7,0,34,-56,-2,20,-24,0,-2,0,0
2019-07-17,6,23,36,-88,-47,0,-2,0,-57,0,-12,43,0,-10,21,21,-100,97,0,28,0,0
2019-07-18,0,0,2,0,-2,0,0,0,-22,0,0,0,0,-10,0,0,-20,97,0,0,0,0
2019-07-19,-20,26,-33,100,41,0,18,0,64,31,20,-13,0,56,-88,-20,100,-92,0,-24,0,1
2019-07-22,-14,32,-9,-7,8,0,-18,0,18,-27,-7,7,0,34,-56,-2,20,-24,0,-2,0,-1
2019-07-23,10,25,40,-93,-49,0,0,3,-61,-4,-13,45,0,-14,27,24,-100,100,0,31,0,0
2019-07-24,0,0,0,0,0,0,0,-3,-21,0,0,0,0,-10,0,0,-20,90,0,0,0,0
2019-07-25,-20,22,-34,100,45,0,28,0,67,34,22,-17,0,56,-86,-23,100,-97,0,-25,0,2
2019-07-26,-12,30,-7,-14,5,0,-21,0,15,-30,-8,8,0,30,-50,0,12,-17,0,-1,0,-2
2019-07-29,7,23,36,-86,-47,0,-7,0,-57,-4,-14,43,0,-10,21,22,-100,98,0,28,0,0
2019-07-30,0,0,3,0,-3,0,0,0,-25,0,0,0,0,-10,0,0,-12,94,0,0,0,0
2019-07-31,-20,26,-33,100,41,0,18,0,64,31,20,-13,0,56,-88,-20,100,-92,0,-24,0,1
2019-08-01,-13,30,-8,-12,7,0,-18,0,18,-28,-8,8,0,33,-55,-4,18,-21,0,-4,0,-1
2019-08-02,6,23,36,-88,-47,0,0,0,-57,-3,-12,43,0,-10,21,21,-100,97,0,28,0,0
2019-08-05,0,0,4,0,-1,0,0,0,-25,0,0,10,0,-10,0,0,-18,97,0,0,0,0
2019-08-06,-20,26,-33,100,41,0,18,0,64,31,20,-13,0,56,-88,-20,100,-92,0,-24,0,1
2019-08-07,-10,29,0,-42,-2,0,-18,0,1,-31,-14,13,0,23,-41,1,-9,1,0,2,0,-1
2019-08-08,8,22,37,-58,-39,1,0,1,-62,0,-6,46,0,-13,25,23,-91,100,0,30,0,0
2019-08-09,-11,30,0,0,0,-1,0,-1,2,0,0,12,0,24,-42,2,0,0,0,4,0,0
2019-08-12,-1,25,2,0,0,0,0,0,-5,0,0,8,0,0,-8,0,0,46,0,0,0,0
2019-08-13,-19,26,-30,88,37,0,11,0,58,25,17,-11,0,55,-83,-19,100,-85,0,-22,0,0
2019-08-14,-10,29,0,-42,-2,0,-11,0,1,-25,-14,13,0,23,-41,1,-9,1,0,2,0,0
2019-08-15,6,23,36,-46,-35,0,0,0,-57,0,-3,43,0,-10,21,21,-91,97,0,28,0,0
2019-08-16,-9,30,-1,0,0,0,0,0,5,0,0,13,0,27,-43,0,0,-3,0,1,0,0
2019-08-19,-1,25,3,0,0,0,0,0,-7,0,0,8,0,0,-8,0,0,46,0,0,0,0
2019-08-20,-22,27,-30,95,39,0,12,0,62,27,16,-11,0,58,-87,-18,100,-92,0,-24,0,0
2019-08-21,-10,27,2,-51,-3,0,-12,0,0,-27,-16,14,0,23,-38,2,-16,4,0,4,0,0
2019-08-22,7,23,36,-44,-36,1,0,0,-60,0,0,44,0,-12,24,21,-84,100,0,27,0,0
2019-08-23,-9,27,-4,0,4,-1,0,0,13,0,0,11,0,33,-46,-1,6,-14,0,-2,0,0
2019-08-26,0,0,2,0,-4,0,0,0,-15,0,0,0,0,-6,0,0,-6,75,0,0,0,0
2019-08-27,-2,27,-27,84,37,0,7,0,59,21,13,-9,0,59,-84,-17,100,-90,0,-25,0,0
2019-08-28,0,27,2,-51,-3,0,-7,0,0,-21,-13,14,0,23,-30,2,-16,4,0,4,0,0
2019-08-29,2,23,36,-33,-34,0,0,0,-57,0,0,43,0,-10,18,21,-84,97,0,28,0,0
2019-08-30,-2,0,-27,90,10,0,0,0,61,3,0,-13,0,58,-18,-18,100,-94,0,-26,0,0
2019-09-03,0,0,-30,96,0,0,0,0,44,1,0,-13,0,0,0,-19,100,-96,0,-26,0,0
2019-09-04,0,0,-30,86,0,0,0,0,31,0,0,-8,0,2,0,-17,100,-91,0,-25,0,0
2019-09-05,0,0,-31,93,0,0,0,0,42,0,0,-14,0,2,0,-21,100,-92,0,-24,0,0
2019-09-06,0,0,-29,91,0,0,0,0,34,0,0,-14,0,0,0,-19,100,-89,0,-23,0,0
2019-09-09,0,0,-29,91,0,0,0,0,34,0,0,-14,0,0,0,-19,100,-89,0,-23,0,0
2019-09-10,0,0,-29,91,0,0,0,0,34,0,0,-14,0,1,0,-19,100,-89,0,-23,0,0
2019-09-11,0,0,-29,93,0,0,0,0,25,0,0,-14,0,3,0,-19,100,-89,0,-23,0,0
2019-09-12,0,0,-29,96,0,0,0,0,18,0,0,-14,0,1,0,-19,100,-88,0,-22,0,0
2019-09-13,0,0,-30,96,0,0,0,0,22,0,0,-14,0,0,0,-17,100,-91,0,-22,0,0
2019-09-16,0,0,-27,82,0,0,0,0,22,1,0,-10,0,2,0,-17,100,-84,0,-23,0,0
2019-09-17,0,0,-28,86,0,0,0,0,13,0,0,-10,0,3,0,-17,100,-82,0,-22,0,0
2019-09-18,0,0,-26,69,0,0,0,0,20,0,0,-7,0,1,0,-14,91,-75,0,-20,0,0
2019-09-19,0,0,-26,71,0,0,0,0,21,0,0,-7,0,1,0,-13,96,-81,0,-20,0,0
2019-09-20,0,0,-26,71,0,0,0,0,23,0,0,-7,0,3,0,-13,96,-81,0,-20,0,0
2019-09-23,0,0,-26,71,0,0,0,0,24,0,0,-7,0,2,0,-13,96,-81,0,-20,0,0
2019-09-24,0,0,-26,71,0,0,0,0,26,0,0,-7,0,1,0,-13,96,-81,0,-20,0,0
2019-09-25,0,0,-25,67,0,0,0,0,26,0,0,-7,0,0,0,-14,90,-75,0,-20,0,0
2019-09-26,0,0,-25,67,0,0,0,0,28,1,0,-7,0,1,0,-14,90,-75,0,-20,0,0
2019-09-27,0,0,-25,67,0,0,0,0,29,0,0,-7,0,3,0,-14,90,-75,0,-20,0,0
2019-09-30,0,0,-26,71,0,0,0,0,18,0,0,-7,0,3,0,-14,91,-73,0,-19,0,0
2019-10-01,0,0,-26,71,0,0,0,0,19,1,0,-7,0,2,0,-14,91,-73,0,-19,0,0
2019-10-02,0,0,-21,46,0,0,0,0,11,0,0,-2,0,42,0,-10,69,-56,0,-15,0,0
2019-10-03,0,0,-21,46,0,0,0,0,12,0,0,-2,0,42,0,-10,69,-56,0,-15,0,0
2019-10-04,0,1,-14,32,0,0,0,0,11,-2,0,0,0,36,0,-6,54,-45,0,-13,0,0
2019-10-07,0,25,-12,0,0,0,0,0,18,-5,1,0,0,32,0,-4,43,-36,0,-9,0,0
2019-10-08,0,0,-15,34,0,0,0,0,0,0,0,-1,0,9,0,-4,54,-42,0,-9,0,0
2019-10-09,0,0,-15,34,0,0,0,0,0,1,0,-1,0,6,0,-4,54,-42,0,-9,0,0
2019-10-10,0,0,-15,34,0,0,0,0,0,0,0,-1,0,8,0,-4,54,-42,0,-9,0,0
2019-10-11,0,0,-14,35,0,0,0,0,0,0,0,-1,0,3,0,-3,57,-46,0,-8,0,0
2019-10-14,0,0,-14,35,0,0,0,0,0,0,0,-1,0,2,0,-3,57,-46,0,-8,0,0
2019-10-15,0,0,-14,34,0,0,0,0,0,0,0,-1,0,3,0,-3,57,-46,0,-8,0,0
2019-10-16,0,0,-14,34,0,0,0,0,0,0,0,-1,0,2,0,-3,57,-46,0,-8,0,0
2019-10-17,0,0,-14,34,0,0,0,0,0,0,0,-1,0,3,0,-3,57,-46,0,-8,0,0
2019-10-18,0,0,-14,34,0,0,0,0,0,0,0,-1,0,3,0,-3,57,-46,0,-8,0,0
2019-10-21,0,0,-20,64,0,0,0,0,1,0,0,-9,0,0,0,-8,80,-64,0,-12,0,0
2019-10-22,0,0,-20,64,0,0,0,0,0,1,0,-9,0,1,0,-8,80,-64,0,-12,0,0
2019-10-23,0,0,-17,35,0,0,0,0,0,0,0,0,0,0,0,-3,58,-47,0,-10,0,0
2019-10-24,0,0,-20,53,0,0,0,0,1,0,0,-6,0,0,0,-6,75,-60,0,-12,0,0
2019-10-25,0,0,-22,57,0,0,0,0,0,0,0,-7,0,1,0,-6,79,-63,0,-12,0,0
2019-10-28,0,0,-22,57,0,0,0,0,0,0,0,-7,0,2,0,-6,79,-63,0,-12,0,0
2019-10-29,0,0,-18,45,0,0,0,0,0,0,0,-3,0,2,0,-5,64,-51,0,-11,0,0
2019-10-30,0,0,-17,38,0,0,0,0,0,0,0,0,0,0,0,-4,58,-47,0,-10,0,0
2019-10-31,0,0,-18,41,0,0,0,0,0,0,0,-1,0,0,0,-5,60,-47,0,-11,0,0
2019-11-01,0,0,-16,37,0,0,0,0,0,0,0,-2,0,4,0,-5,61,-47,0,-9,0,0
2019-11-04,0,0,-16,37,0,0,0,0,0,0,0,-2,0,0,0,-5,61,-47,0,-9,0,0
2019-11-05,0,0,-16,36,0,0,0,0,0,1,0,-2,0,2,0,-5,61,-47,0,-9,0,0
2019-11-06,0,0,-18,36,0,0,0,0,0,0,0,-2,0,1,0,-5,62,-47,0,-9,0,0
2019-11-07,0,0,-18,36,0,0,0,0,0,0,0,-2,0,2,0,-5,62,-47,0,-9,0,0
2019-11-08,0,0,-19,42,0,0,0,0,0,1,0,-2,0,2,0,-6,62,-49,0,-10,0,0
2019-11-11,0,0,-19,45,0,0,0,0,0,0,0,-2,0,0,0,-6,62,-49,0,-11,0,0
2019-11-12,0,0,-19,45,0,0,0,0,0,0,0,-2,0,2,0,-6,62,-49,0,-11,0,0
2019-11-13,0,0,-19,45,0,0,0,0,0,1,0,-2,0,3,0,-6,62,-49,0,-11,0,0
2019-11-14,0,0,-22,48,0,0,0,0,0,0,0,-4,0,3,0,-7,68,-52,0,-11,0,0
2019-11-15,0,0,-24,55,0,0,0,0,0,3,0,-5,0,0,0,-8,71,-54,0,-12,0,0
2019-11-18,0,0,-24,56,0,0,0,0,0,0,0,-5,0,0,0,-8,71,-54,0,-12,0,0
2019-11-19,0,0,-24,56,0,0,0,0,0,0,0,-5,0,0,0,-8,71,-54,0,-12,0,0
2019-11-20,0,0,-24,56,0,0,0,0,0,4,0,-5,0,0,0,-8,71,-54,0,-12,0,0
2019-11-21,0,0,-24,56,0,0,0,0,0,0,0,-5,0,0,0,-8,71,-54,0,-12,0,0
2019-11-22,0,0,-24,56,0,0,0,0,0,2,0,-5,0,0,0,-8,71,-54,0,-12,0,0
2019-11-25,0,0,-24,56,0,0,0,0,0,0,0,-5,0,0,0,-8,71,-54,0,-12,0,0
2019-11-26,0,0,-24,55,0,0,0,0,0,2,0,-5,0,0,0,-8,71,-54,0,-12,0,0
2019-11-27,0,0,-24,54,0,0,0,0,0,3,0,-5,0,0,0,-8,71,-54,0,-12,0,0
2019-11-29,0,0,-24,55,0,0,0,0,0,2,0,-5,0,0,0,-8,71,-54,0,-12,0,0
2019-12-02,0,0,-24,55,0,0,0,0,0,1,0,-5,0,0,0,-8,71,-54,0,-12,0,0
2019-12-03,0,0,-24,54,0,0,0,0,0,5,0,-5,0,0,0,-8,71,-54,0,-12,0,0
2019-12-04,0,0,-24,56,0,0,0,0,0,0,0,-5,0,0,0,-8,71,-54,0,-12,0,0
2019-12-05,0,0,-24,56,0,0,0,0,0,0,0,-5,0,0,0,-8,71,-54,0,-12,0,0
2019-12-06,0,0,-24,54,0,0,0,0,0,0,0,-5,0,1,0,-7,70,-54,0,-11,0,0
2019-12-09,0,0,-24,55,0,0,0,0,0,4,0,-5,0,0,0,-8,71,-54,0,-12,0,0
2019-12-10,0,0,-20,33,0,0,0,0,0,0,0,-1,0,3,0,-3,54,-43,0,-6,0,0
2019-12-11,0,0,-20,33,0,0,0,0,0,1,0,-1,0,2,0,-3,54,-43,0,-6,0,0
2019-12-12,0,0,-20,35,0,0,0,0,0,1,0,-1,0,0,0,-3,54,-43,0,-6,0,0
2019-12-13,0,0,-22,52,0,0,0,0,0,1,0,-3,0,0,0,-5,69,-55,0,-10,0,0
2019-12-16,0,0,-22,52,0,0,0,0,0,1,0,-3,0,1,0,-5,69,-55,0,-10,0,0
2019-12-17,0,0,-22,52,0,0,0,0,0,0,0,-3,0,1,0,-5,69,-55,0,-10,0,0
2019-12-18,0,0,-20,38,0,0,0,0,0,1,0,-1,0,0,0,-3,55,-44,0,-7,0,0
2019-12-19,0,0,-21,50,0,0,0,0,0,0,0,-3,0,0,0,-4,64,-52,0,-9,0,0
2019-12-20,0,0,-22,54,0,0,0,0,0,0,0,-3,0,1,0,-5,69,-55,0,-10,0,0
2019-12-23,0,0,-22,54,0,0,0,0,0,0,0,-3,0,1,0,-5,69,-55,0,-10,0,0
2019-12-24,0,0,-24,61,0,0,0,0,0,1,0,-5,0,0,0,-6,73,-57,0,-11,0,0
2019-12-26,0,0,-21,45,0,0,0,0,0,1,0,0,0,0,0,-4,57,-47,0,-9,0,0
2019-12-27,0,0,-16,23,0,0,0,0,0,2,0,0,0,25,0,-1,37,-32,0,-5,0,0
2019-12-30,0,0,-20,45,0,0,0,0,0,0,0,-2,0,3,0,-4,57,-46,0,-9,0,0
2019-12-31,0,0,-20,45,0,0,0,0,0,0,0,-2,0,3,0,-4,57,-46,0,-9,0,0
2020-01-02,0,1,-14,16,0,0,0,0,0,1,0,0,0,21,0,0,31,-26,0,-4,0,0
2020-01-03,0,0,-14,13,0,0,0,0,0,1,0,0,0,20,0,0,28,-23,0,-2,0,0
2020-01-06,0,0,-14,16,0,0,0,0,0,1,0,0,0,2,0,0,30,-24,0,-2,0,0
2020-01-07,0,0,-14,11,0,0,0,0,0,0,0,0,0,3,0,0,33,-25,0,0,0,0
2020-01-08,0,0,-14,11,0,0,0,0,0,0,0,0,0,4,0,0,33,-25,0,0,0,0
2020-01-09,0,0,-16,13,0,0,0,0,0,0,0,0,0,0,0,0,37,-27,0,-1,0,0
2020-01-10,0,0,-16,13,0,0,0,0,0,0,0,0,0,0,0,0,37,-27,0,-1,0,0
2020-01-13,0,0,-16,11,0,0,0,0,0,0,0,0,0,4,0,0,35,-26,0,0,0,0
2020-01-14,0,0,-18,20,0,0,0,0,0,0,0,0,0,3,0,0,47,-36,0,-3,0,0
2020-01-15,0,0,-16,13,0,0,0,0,0,0,0,0,0,0,0,0,36,-27,0,-1,0,0
2020-01-16,0,12,-12,0,0,0,0,0,0,0,0,0,0,0,0,0,18,-13,0,0,0,0
2020-01-17,0,12,-12,0,0,0,0,0,0,0,0,0,0,0,0,0,18,-13,0,0,0,0
2020-01-21,0,13,-9,0,0,0,0,0,0,-1,0,5,0,6,0,0,0,-7,0,0,0,0
2020-01-22,0,9,-11,0,0,0,0,0,0,0,0,0,0,1,0,0,18,-12,0,0,0,0
2020-01-23,0,13,-10,0,0,0,0,0,0,0,0,0,0,1,0,0,16,-12,0,0,0,0
2020-01-24,0,13,-10,0,0,0,0,0,0,0,0,0,0,1,0,0,16,-12,0,0,0,0
2020-01-27,0,13,-10,0,0,0,0,0,0,0,0,0,0,2,0,0,16,-12,0,0,0,0
2020-01-28,0,1,-15,7,0,0,0,0,0,0,0,0,0,1,0,0,29,-19,0,0,0,0
2020-01-29,0,11,-13,0,0,0,0,0,0,0,0,0,0,0,0,0,17,-11,0,0,0,0
2020-01-30,0,11,-13,0,0,0,0,0,0,0,0,0,0,0,0,0,17,-11,0,0,0,0
2020-01-31,0,11,-11,1,0,0,0,0,0,0,0,0,0,5,0,0,16,-12,0,0,0,0
2020-02-03,0,11,-13,0,0,0,0,0,0,0,0,0,0,2,0,0,17,-11,0,0,0,0
2020-02-04,0,11,-13,0,0,0,0,0,0,0,0,0,0,2,0,0,17,-11,0,0,0,0
2020-02-05,0,11,-13,0,0,0,0,0,0,0,0,0,0,0,0,0,17,-11,0,0,0,0
2020-02-06,0,0,-15,10,0,0,0,0,0,0,0,0,0,0,0,0,27,-20,0,0,0,0
2020-02-07,0,0,-15,10,0,0,0,0,0,0,0,0,0,1,0,0,27,-20,0,0,0,0
2020-02-10,0,0,-18,22,0,0,0,0,0,1,0,0,0,2,0,0,46,-37,0,-3,0,0
2020-02-11,0,0,-18,22,0,0,0,0,0,0,0,0,0,0,0,0,46,-37,0,-3,0,0
2020-02-12,0,0,-18,22,0,0,0,0,0,0,0,0,0,2,0,0,46,-37,0,-3,0,0
2020-02-13,0,0,-14,17,0,0,0,0,0,0,0,0,0,4,0,0,27,-25,0,0,0,0
2020-02-14,0,0,-14,17,0,0,0,0,0,0,0,0,0,4,0,0,27,-25,0,0,0,0
2020-02-18,0,0,-12,12,0,0,0,0,0,0,0,0,0,2,0,0,19,-17,0,0,0,0
2020-02-19,0,0,-14,17,0,0,0,0,0,1,0,0,0,1,0,0,27,-25,0,0,0,0
2020-02-20,0,0,-14,17,0,0,0,0,0,1,0,0,0,2,0,0,27,-25,0,0,0,0
2020-02-21,0,0,-12,12,0,0,0,0,0,0,0,0,0,3,0,0,19,-17,0,0,0,0
2020-02-24,0,0,-4,-20,-6,0,0,0,-7,-13,-1,1,0,2,0,12,-15,11,0,11,0,0
2020-02-25,0,1,-11,3,0,0,0,0,0,0,0,0,0,0,0,0,16,-9,0,0,0,0
2020-02-26,0,0,-13,1,0,0,0,0,0,0,0,-4,0,0,0,0,37,-16,0,0,0,0
2020-02-27,0,0,-13,0,0,0,0,0,0,0,0,-1,0,0,0,0,8,0,0,0,0,0
2020-02-28,0,0,-13,0,0,0,0,0,0,1,0,-2,0,4,0,0,9,0,0,0,0,0
2020-03-02,0,0,-13,0,0,0,0,0,0,1,0,-4,0,0,0,0,13,0,0,0,0,0
2020-03-03,0,0,-10,0,0,0,0,0,0,0,0,0,0,3,0,0,5,0,0,0,0,0
2020-03-04,0,10,-9,0,0,0,0,0,0,0,0,0,0,2,0,0,0,0,0,0,0,0
2020-03-05,0,1,-11,0,0,0,0,0,0,0,0,0,0,0,0,0,6,0,0,0,0,0
2020-03-06,0,0,-10,0,0,0,0,0,0,0,0,0,0,1,0,0,6,0,0,0,0,0
2020-03-09,0,10,-4,-16,-4,0,0,0,-6,-12,0,2,0,0,0,11,-11,0,0,10,0,0
2020-03-10,0,13,-6,-13,0,0,0,0,-4,-11,0,12,0,5,0,2,-9,0,0,0,0,0
2020-03-11,0,13,-6,-13,0,0,0,0,-4,-11,0,12,0,1,0,3,-9,0,0,0,0,0
2020-03-12,0,1,-4,-20,0,0,0,0,-7,0,0,0,0,1,0,12,-15,5,0,11,0,0
2020-03-13,0,10,-9,0,0,0,0,0,0,0,0,0,0,9,0,0,7,-5,0,0,0,0
2020-03-16,0,0,-7,0,0,0,0,0,0,0,0,0,0,0,0,2,0,0,0,0,0,0
2020-03-17,0,0,-7,0,0,0,0,0,0,0,0,0,0,0,0,2,0,0,0,0,0,0
2020-03-18,0,1,-7,0,0,0,0,0,0,0,0,0,0,0,0,1,0,0,0,1,0,0
2020-03-19,0,9,-8,0,0,0,0,0,0,0,0,0,0,8,0,0,0,0,0,0,0,1
2020-03-20,0,2,-7,0,0,0,0,0,0,0,0,0,0,0,0,2,0,0,0,0,0,0
2020-03-23,0,1,-7,0,0,0,0,0,0,0,0,0,0,0,0,2,0,0,0,0,0,0
2020-03-24,0,10,-9,0,0,0,0,0,0,0,0,0,0,9,0,0,1,0,0,0,0,1
2020-03-25,0,10,-9,0,0,0,0,0,1,0,0,0,0,9,0,0,0,0,0,0,0,0
2020-03-26,0,10,-9,0,0,0,0,0,0,0,0,0,0,9,0,0,0,0,0,0,0,1
2020-03-27,0,10,-9,0,0,0,0,0,0,0,0,0,0,9,0,0,1,0,0,0,0,0
2020-03-30,0,10,-9,0,0,0,0,0,0,0,0,0,0,9,0,0,1,0,0,0,0,0
2020-03-31,0,10,-9,0,0,0,0,0,0,0,0,0,0,9,0,0,1,0,0,0,0,0
2020-04-01,0,10,-9,0,0,0,0,0,0,0,0,0,0,9,0,0,1,0,0,0,0,1
2020-04-02,0,10,-9,0,0,0,0,0,0,0,0,0,0,9,0,0,1,0,0,0,0,1
2020-04-03,0,10,-9,0,0,0,0,0,0,0,0,0,0,9,0,0,1,0,0,0,0,0
2020-04-06,0,10,-9,0,0,0,0,0,1,0,0,0,0,9,0,0,1,0,0,0,0,0
2020-04-07,0,0,-11,0,0,0,0,0,0,0,0,0,0,3,0,0,6,0,0,0,0,0
2020-04-08,0,0,-11,0,0,0,0,0,0,0,0,0,0,3,0,0,6,0,0,0,0,0
2020-04-09,0,0,-11,0,0,0,0,0,0,0,0,0,0,2,0,0,6,0,0,0,0,0
2020-04-13,0,0,-11,0,0,0,0,0,0,0,0,0,0,5,0,0,6,0,0,0,0,0
2020-04-14,0,0,-11,0,0,0,0,0,0,0,0,0,0,2,0,0,7,0,0,0,0,0
2020-04-15,0,0,-11,0,0,0,0,0,0,0,0,0,0,5,0,0,7,0,0,0,0,0
2020-04-16,0,0,-7,0,0,0,0,0,0,0,0,0,0,1,0,0,5,0,0,0,0,0
2020-04-17,0,0,0,0,0,0,0,0,0,0,0,0,0,0,0,0,0,0,0,0,0,0
2020-04-20,0,0,0,0,0,0,0,0,0,0,0,0,0,0,0,0,0,0,0,0,0,0
2020-04-21,0,0,0,0,0,0,0,0,0,0,0,0,0,0,0,0,0,0,0,0,0,0
2020-04-22,0,0,0,0,0,0,0,0,0,0,0,0,0,0,0,0,0,0,0,0,0,0
2020-04-23,0,0,0,0,0,0,0,0,0,0,0,0,0,0,0,0,0,0,0,0,0,0
2020-04-24,0,0,0,0,0,0,0,0,0,0,0,0,0,0,0,0,0,0,0,0,0,0
2020-04-27,0,0,0,0,0,0,0,0,0,0,0,0,0,0,0,0,0,0,0,0,0,0
2020-04-28,0,0,0,0,0,0,0,0,0,0,0,0,0,0,0,0,0,0,0,0,0,0
2020-04-29,0,0,0,0,0,0,0,0,0,0,0,0,0,0,0,0,0,0,0,0,0,0
2020-04-30,0,0,0,0,0,0,0,0,0,0,0,0,0,0,0,0,0,0,0,0,0,0
2020-05-01,0,0,0,0,0,0,0,0,0,0,0,0,0,0,0,0,0,0,0,0,0,0
2020-05-04,0,0,0,0,0,0,0,0,0,0,0,0,0,0,0,0,0,0,0,0,0,0
2020-05-05,0,0,0,0,0,0,0,0,0,0,0,0,0,0,0,0,0,0,0,0,0,0
2020-05-06,0,0,0,0,0,0,0,0,0,0,0,0,0,0,0,0,0,0,0,0,0,0
2020-05-07,0,0,0,0,0,0,0,0,0,0,0,0,0,0,0,0,0,0,0,0,0,0
2020-05-08,0,0,0,0,0,0,0,0,0,0,0,0,0,0,0,0,0,0,0,0,0,0
2020-05-11,0,0,0,0,0,0,0,0,0,0,0,0,0,0,0,0,0,0,0,0,0,0
2020-05-12,0,0,0,0,0,0,0,0,0,0,0,0,0,0,0,0,0,0,0,0,0,0
2020-05-13,0,0,0,0,0,0,0,0,0,0,0,0,0,0,0,0,0,0,0,0,0,0
2020-05-14,0,0,0,0,0,0,0,0,0,0,0,0,0,0,0,0,0,0,0,0,0,0
2020-05-15,0,0,0,0,0,0,0,0,0,0,0,0,0,0,0,0,0,0,0,0,0,0
2020-05-18,0,0,0,0,0,0,0,0,0,0,0,0,0,0,0,0,0,0,0,0,0,0
2020-05-19,0,0,0,0,0,0,0,0,0,0,0,0,0,0,0,0,0,0,0,0,0,0
2020-05-20,0,0,0,0,0,0,0,0,0,0,0,0,0,0,0,0,0,0,0,0,0,0
2020-05-21,0,0,0,0,0,0,0,0,0,0,0,0,0,0,0,0,0,0,0,0,0,0
2020-05-22,0,0,0,0,0,0,0,0,0,0,0,0,0,0,0,0,0,0,0,0,0,0
2020-05-26,0,0,0,0,0,0,0,0,0,0,0,0,0,0,0,0,0,0,0,0,0,0
2020-05-27,0,0,0,0,0,0,0,0,0,0,0,0,0,0,0,0,0,0,0,0,0,0
2020-05-28,0,0,0,0,0,0,0,0,0,0,0,0,0,0,0,0,0,0,0,0,0,0
2020-05-29,0,0,0,0,0,0,0,0,0,0,0,0,0,0,0,0,0,0,0,0,0,0
2020-06-01,0,0,0,0,0,0,0,0,0,0,0,0,0,0,0,0,0,0,0,0,0,0
2020-06-02,0,0,0,0,0,0,0,0,0,0,0,0,0,0,0,0,0,0,0,0,0,0
2020-06-03,0,0,0,0,0,0,0,0,0,0,0,0,0,0,0,0,0,0,0,0,0,0
2020-06-04,0,0,0,0,0,0,0,0,0,0,0,0,0,0,0,0,0,0,0,0,0,0
2020-06-05,0,1,0,0,0,0,0,0,-1,0,0,0,0,1,0,0,0,0,0,0,0,0
2020-06-08,0,0,0,0,0,0,0,0,0,1,0,0,0,0,0,0,0,0,0,0,0,0
2020-06-09,0,0,0,0,0,0,0,0,0,0,0,0,0,0,0,0,0,0,0,0,0,0
2020-06-10,0,0,0,0,0,0,0,0,0,0,0,0,0,0,0,0,0,0,0,0,0,0
2020-06-11,0,0,0,0,0,0,0,0,0,0,0,0,0,0,0,0,0,0,0,0,0,0
2020-06-12,0,0,0,0,0,0,0,0,0,0,0,0,0,0,0,0,0,0,0,0,0,0
2020-06-15,0,0,0,0,0,0,0,0,0,0,0,0,0,0,0,0,0,0,0,0,0,0
2020-06-16,0,0,0,0,0,0,0,0,0,0,0,0,0,0,0,0,0,0,0,0,0,0
2020-06-17,0,0,0,0,0,0,0,0,0,0,0,0,0,0,0,0,0,0,0,0,0,0
2020-06-18,0,0,0,0,0,0,0,0,0,0,0,0,0,0,0,0,0,0,0,0,0,0
2020-06-19,0,0,0,0,0,0,0,0,0,0,0,0,0,0,0,0,0,0,0,0,0,0
2020-06-22,0,0,0,0,0,0,0,0,0,0,0,0,0,0,0,0,0,0,0,0,0,0
2020-06-23,0,0,0,0,0,0,0,0,0,0,0,0,0,0,0,0,0,0,0,0,0,0
2020-06-24,0,0,0,0,0,0,0,0,0,0,0,0,0,0,0,0,0,0,0,0,0,0
2020-06-25,0,0,0,0,0,0,0,0,0,0,0,0,0,0,0,0,0,0,0,0,0,0
2020-06-26,0,0,0,0,0,0,0,0,0,0,0,0,0,0,0,0,0,0,0,0,0,0
2020-06-29,0,0,0,0,0,0,0,0,0,0,0,0,0,0,0,0,0,0,0,0,0,0
2020-06-30,0,0,0,0,0,0,0,0,0,0,0,0,0,0,0,0,0,0,0,0,0,0
2020-07-01,0,0,0,0,0,0,0,0,0,0,0,0,0,0,0,0,0,0,0,0,0,0
2020-07-02,0,0,0,0,0,0,0,0,0,0,0,0,0,0,0,0,0,0,0,0,0,0
2020-07-06,0,0,0,0,0,0,0,0,0,0,0,0,0,0,0,0,0,0,0,0,0,0
2020-07-07,0,0,0,0,0,0,0,0,0,0,0,0,0,0,0,0,0,0,0,0,0,0
2020-07-08,0,0,0,0,0,0,0,0,0,0,0,0,0,0,0,0,0,0,0,0,0,0
2020-07-09,0,0,0,0,0,0,0,0,0,0,0,0,0,0,0,0,0,0,0,0,0,0
2020-07-10,0,0,0,0,0,0,0,0,0,0,0,0,0,0,0,0,0,0,0,0,0,0
2020-07-13,0,0,0,0,0,0,0,0,0,0,0,0,0,0,0,0,0,0,0,0,0,0
2020-07-14,0,0,0,0,0,0,0,0,0,0,0,0,0,0,0,0,0,0,0,0,0,0
2020-07-15,0,0,0,0,0,0,0,0,0,0,0,0,0,0,0,0,0,0,0,0,0,0
2020-07-16,0,0,0,0,0,0,0,0,0,0,0,0,0,0,0,0,0,0,0,0,0,0
2020-07-17,0,0,0,0,0,0,0,0,0,0,0,0,0,0,0,0,0,0,0,0,0,0
2020-07-20,0,0,0,0,0,0,0,0,0,0,0,0,0,0,0,0,0,0,0,0,0,0
2020-07-21,0,0,0,0,0,0,0,0,0,0,0,0,0,0,0,0,0,0,0,0,0,0
2020-07-22,0,0,0,0,0,0,0,0,0,0,0,0,0,0,0,0,0,0,0,0,0,0
2020-07-23,0,0,0,0,0,0,0,0,0,0,0,0,0,0,0,0,0,0,0,0,0,0
2020-07-24,0,0,0,0,0,0,0,0,0,0,0,0,0,0,0,0,0,0,0,0,0,0
2020-07-27,0,0,0,0,0,0,0,0,0,0,0,0,0,0,0,0,0,0,0,0,0,0
2020-07-28,0,0,0,0,0,0,0,0,0,0,0,0,0,0,0,0,0,0,0,0,0,0
2020-07-29,0,0,0,0,0,0,0,0,0,0,0,0,0,0,0,0,0,0,0,0,0,0
2020-07-30,0,0,0,0,0,0,0,0,0,0,0,0,0,0,0,0,0,0,0,0,0,0
2020-07-31,0,0,0,0,0,0,0,0,0,0,0,0,0,0,0,0,0,0,0,0,0,0
2020-08-03,0,0,0,0,0,0,0,0,0,0,0,0,0,0,0,0,0,0,0,0,0,0
2020-08-04,0,0,0,0,0,0,0,0,0,0,0,0,0,0,0,0,0,0,0,0,0,0
2020-08-05,0,0,0,0,0,0,0,0,0,0,0,0,0,0,0,0,0,0,0,0,0,0
2020-08-06,0,0,0,0,0,0,0,0,0,0,0,0,0,0,0,0,0,0,0,0,0,0
2020-08-07,0,0,0,0,0,0,0,0,0,0,0,0,0,0,0,0,0,0,0,0,0,0
2020-08-10,0,0,0,0,0,0,0,0,0,0,0,0,0,0,0,0,0,0,0,0,0,0
2020-08-11,0,0,0,0,0,0,0,0,0,0,0,0,0,0,0,0,0,0,0,0,0,0
2020-08-12,0,0,0,0,0,0,0,0,0,0,0,0,0,0,0,0,0,0,0,0,0,0
2020-08-13,0,0,0,0,0,0,0,0,0,1,0,0,0,2,0,0,0,0,0,0,0,-1
2020-08-14,0,0,0,0,0,0,0,0,0,0,0,0,0,0,0,0,0,0,0,0,0,0
2020-08-17,0,0,0,0,0,0,0,0,0,0,0,0,0,0,0,0,0,0,0,0,0,0
2020-08-18,0,0,0,0,0,0,0,0,0,0,0,0,0,0,0,0,0,0,0,0,0,0
2020-08-19,0,0,0,0,0,0,0,0,0,0,0,0,0,0,0,0,0,0,0,0,0,0
2020-08-20,0,0,0,0,0,0,0,0,0,0,0,0,0,0,0,0,0,0,0,0,0,0
2020-08-21,0,0,0,0,0,0,0,0,0,0,0,0,0,0,0,0,0,0,0,0,0,0
2020-08-24,0,0,0,0,0,0,0,0,0,0,0,0,0,0,0,0,0,0,0,0,0,0
2020-08-25,0,0,0,0,0,0,0,0,0,0,0,0,0,0,0,0,0,0,0,0,0,0
2020-08-26,0,0,0,0,0,0,0,0,0,0,0,0,0,0,0,0,0,0,0,0,0,0
2020-08-27,0,0,0,0,0,0,0,0,0,0,0,0,0,0,0,0,0,0,0,0,0,0
2020-08-28,0,0,0,0,0,0,0,0,0,0,0,0,0,0,0,0,0,0,0,0,0,0
2020-08-31,0,0,0,0,0,0,0,0,0,0,0,0,0,0,0,0,0,0,0,0,0,0
2020-09-01,0,0,0,0,0,0,0,0,0,0,0,0,0,0,0,0,0,0,0,0,0,0
2020-09-02,0,0,0,0,0,0,0,0,0,0,0,0,0,0,0,0,0,0,0,0,0,0
2020-09-03,0,0,0,0,0,0,0,0,0,0,0,0,0,0,0,0,0,0,0,0,0,0
2020-09-04,0,0,0,0,0,0,0,0,0,0,0,0,0,0,0,0,0,0,0,0,0,0
2020-09-08,0,0,0,0,0,0,0,0,0,0,0,0,0,0,0,0,0,0,0,0,0,0
2020-09-09,0,0,0,0,0,0,0,0,0,0,0,0,0,0,0,0,0,0,0,0,0,0
2020-09-10,0,0,0,0,0,0,0,0,0,0,0,0,0,0,0,0,0,0,0,0,0,0
2020-09-11,0,0,0,0,0,0,0,0,0,0,0,0,0,0,0,0,0,0,0,0,0,0
2020-09-14,0,0,0,0,0,0,0,0,0,0,0,0,0,0,0,0,0,0,0,0,0,0
2020-09-15,0,0,0,0,0,0,0,0,0,0,0,0,0,0,0,0,0,0,0,0,0,0
2020-09-16,0,0,0,0,0,0,0,0,0,0,0,0,0,0,0,0,0,0,0,0,0,0
2020-09-17,0,0,0,0,0,0,0,0,0,0,0,0,0,0,0,0,3,0,0,-2,0,0
2020-09-18,0,0,0,0,0,0,0,0,0,0,0,0,0,1,0,0,5,0,0,-3,0,-1
2020-09-21,0,0,0,0,0,0,0,0,0,0,0,0,0,0,0,0,0,0,0,0,0,0
2020-09-22,0,0,0,0,0,0,0,0,0,0,0,0,0,0,0,0,0,0,0,0,0,0
2020-09-23,0,0,0,0,0,0,0,0,0,0,0,0,0,0,0,0,0,0,0,0,0,0
2020-09-24,0,0,0,0,0,0,0,0,0,0,0,0,0,0,0,0,0,0,0,0,0,0
2020-09-25,0,0,0,0,0,0,0,0,0,0,0,0,0,0,0,0,0,0,0,0,0,0
2020-09-28,0,0,0,0,0,0,0,0,0,0,0,0,0,0,0,0,0,0,0,0,0,0
2020-09-29,0,0,0,0,0,0,0,0,0,0,0,0,0,0,0,0,0,0,0,0,0,0
2020-09-30,0,0,0,0,0,0,0,0,0,0,0,0,0,0,0,0,0,0,0,0,0,0
2020-10-01,0,0,0,0,0,0,0,0,0,0,0,0,0,0,0,0,0,0,0,0,0,0
2020-10-02,0,0,0,0,0,0,0,0,0,0,0,0,0,0,0,0,0,0,0,0,0,0
2020-10-05,0,0,0,0,0,0,0,0,0,0,0,0,0,0,0,0,0,0,0,0,0,0
2020-10-06,0,0,0,0,0,0,0,0,0,0,0,0,0,0,0,0,0,0,0,0,0,0
2020-10-07,0,0,0,0,0,0,0,0,0,0,0,0,0,0,0,0,0,0,0,0,0,0
2020-10-08,0,0,0,0,0,0,0,0,0,0,0,0,0,0,0,0,0,0,0,0,0,0
2020-10-09,0,0,0,0,0,0,0,0,0,0,0,0,0,0,0,0,0,0,0,0,0,0
2020-10-12,0,0,0,0,0,0,0,0,0,0,0,0,0,0,0,0,0,0,0,0,0,0
2020-10-13,0,0,0,0,0,0,0,0,0,0,0,0,0,0,0,0,0,0,0,0,0,0
2020-10-14,0,0,0,0,0,0,0,0,0,0,0,0,0,0,0,0,0,0,0,0,0,0
2020-10-15,0,0,0,0,0,0,0,0,0,0,0,0,0,0,0,0,0,0,0,0,0,0
2020-10-16,0,0,0,0,0,0,0,0,0,0,0,0,0,0,0,0,0,0,0,0,0,0
2020-10-19,0,0,0,0,0,0,0,0,0,0,0,0,0,0,0,0,0,0,0,0,0,0
2020-10-20,0,0,0,0,0,0,0,0,0,0,0,0,0,0,0,0,0,0,0,0,0,0
2020-10-21,0,0,0,0,0,0,0,0,0,0,0,0,0,0,0,0,0,0,0,0,0,0
2020-10-22,0,0,0,0,0,0,0,0,0,0,0,0,0,0,0,0,0,0,0,0,0,0
2020-10-23,0,0,0,0,0,0,0,0,0,0,0,0,0,0,0,0,0,0,0,0,0,0
2020-10-26,0,0,0,0,0,0,0,0,0,0,0,0,0,0,0,0,0,0,0,0,0,0
2020-10-27,0,0,0,0,0,0,0,0,0,0,0,0,0,0,0,0,0,0,0,0,0,0
2020-10-28,0,0,0,0,0,0,0,0,0,0,0,0,0,2,0,0,0,0,0,0,0,-1
2020-10-29,0,0,0,0,0,0,0,0,0,0,0,0,0,0,0,0,0,0,0,0,0,0
2020-10-30,0,0,0,0,0,0,0,0,0,0,0,0,0,0,0,0,0,0,0,0,0,0
2020-11-02,0,0,0,0,0,0,0,0,0,0,0,0,0,0,0,0,0,0,0,0,0,0
2020-11-03,0,0,0,0,0,0,0,0,0,0,0,0,0,0,0,0,0,0,0,0,0,0
2020-11-04,0,0,0,0,0,0,0,0,0,0,0,0,0,0,0,0,0,0,0,0,0,0
2020-11-05,0,0,0,0,0,0,0,0,0,0,0,0,0,0,0,0,0,0,0,0,0,0
2020-11-06,0,0,0,0,0,0,0,0,0,0,0,0,0,0,0,0,0,0,0,0,0,0
2020-11-09,0,2,0,0,0,0,0,0,-1,-1,0,0,0,0,0,0,0,0,0,0,0,0
2020-11-10,0,0,0,0,0,0,0,0,0,0,0,0,0,0,0,0,0,0,0,0,0,0
2020-11-11,0,0,0,0,0,0,0,0,0,1,0,0,0,0,0,0,0,0,0,0,0,0
2020-11-12,0,0,0,0,0,0,0,0,0,0,0,0,0,0,0,0,0,0,0,0,0,0
2020-11-13,0,0,0,0,0,0,0,0,0,0,0,0,0,0,0,0,0,0,0,0,0,0
2020-11-16,0,0,0,0,0,0,0,0,0,0,0,0,0,0,0,0,0,0,0,0,0,0
2020-11-17,0,0,0,0,0,0,0,0,0,0,0,0,0,0,0,0,0,0,0,0,0,0
2020-11-18,0,0,0,0,0,0,0,0,0,0,0,0,0,0,0,0,0,0,0,0,0,0
2020-11-19,0,0,0,0,0,0,0,0,0,0,0,0,0,0,0,0,0,0,0,0,0,0
2020-11-20,0,0,0,0,0,0,0,0,0,0,0,0,0,0,0,0,0,0,0,0,0,0
2020-11-23,0,0,0,0,0,0,0,0,0,0,0,0,0,0,0,0,0,0,0,0,0,0
2020-11-24,0,0,0,0,0,0,0,0,0,0,0,0,0,0,0,0,0,0,0,0,0,0
2020-11-25,0,0,0,0,0,0,0,0,0,0,0,0,0,0,0,0,0,0,0,0,0,0
2020-11-27,0,0,0,0,0,0,0,0,0,0,0,0,0,0,0,0,0,0,0,0,0,0
2020-11-30,0,0,0,0,0,0,0,0,0,0,0,0,0,0,0,0,0,0,0,0,0,0
2020-12-01,0,0,0,0,0,0,0,0,0,0,0,0,0,0,0,0,0,0,0,0,0,0
2020-12-02,0,0,0,0,0,0,0,0,0,0,0,0,0,0,0,0,0,0,0,0,0,0
2020-12-03,0,0,0,0,0,0,0,0,0,0,0,0,0,0,0,0,0,0,0,0,0,0
2020-12-04,0,0,0,0,0,0,0,0,0,0,0,0,0,0,0,0,0,0,0,0,0,0
2020-12-07,0,0,0,0,0,0,0,0,0,0,0,0,0,0,0,0,0,0,0,0,0,0
2020-12-08,0,0,0,0,0,0,0,0,0,0,0,0,0,0,0,0,0,0,0,0,0,0
2020-12-09,0,0,0,0,0,0,0,0,0,0,0,0,0,0,0,0,0,0,0,0,0,0
2020-12-10,0,0,0,0,0,0,0,0,0,0,0,0,0,0,0,0,0,0,0,0,0,0
2020-12-11,0,0,0,0,0,0,0,0,0,0,0,0,0,0,0,0,0,0,0,0,0,0
2020-12-14,0,0,0,0,0,0,0,0,0,0,0,0,0,0,0,0,0,0,0,0,0,0
2020-12-15,0,0,0,0,0,0,0,0,0,0,0,0,0,0,0,0,0,0,0,0,0,0
2020-12-16,0,0,0,0,0,0,0,0,0,0,0,0,0,0,0,0,0,0,0,0,0,0
2020-12-17,0,0,0,0,0,0,0,0,0,0,0,0,0,0,0,0,0,0,0,0,0,0
2020-12-18,0,0,0,0,0,0,0,0,0,0,0,0,0,0,0,0,0,0,0,0,0,0
2020-12-21,0,0,0,0,0,0,0,0,0,0,0,0,0,0,0,0,0,0,0,0,0,0
2020-12-22,0,0,0,0,0,0,0,0,0,0,0,0,0,0,0,0,0,0,0,0,0,0
2020-12-23,0,0,0,0,0,0,0,0,0,0,0,0,0,0,0,0,0,0,0,0,0,0
2020-12-24,0,0,0,0,0,0,0,0,0,0,0,0,0,0,0,0,0,0,0,0,0,0
2020-12-28,0,0,0,0,0,0,0,0,0,0,0,0,0,0,0,0,0,0,0,0,0,0
2020-12-29,0,0,0,0,0,0,0,0,0,0,0,-1,0,4,0,0,1,0,0,0,0,0
2020-12-30,0,0,0,0,0,0,0,0,0,0,0,0,0,0,0,0,0,0,0,0,0,0
2020-12-31,0,0,0,0,0,0,0,0,0,0,0,0,0,0,0,0,0,0,0,0,0,0
2021-01-04,0,0,0,0,0,0,0,0,0,0,0,0,0,0,0,0,0,0,0,0,0,0
2021-01-05,0,0,0,0,0,0,0,0,0,0,0,0,0,0,0,0,0,0,0,0,0,0
2021-01-06,0,0,0,0,0,0,0,0,0,0,0,0,0,0,0,0,0,0,0,0,0,0
2021-01-07,0,0,0,0,0,0,0,0,0,0,0,0,0,0,0,0,0,0,0,0,0,0
2021-01-08,0,0,0,0,0,0,0,0,0,0,0,0,0,0,0,0,0,0,0,0,0,0
2021-01-11,0,0,0,0,0,0,0,0,0,0,0,0,0,0,0,0,0,0,0,0,0,0
2021-01-12,0,0,0,0,0,0,0,0,0,0,0,0,0,0,0,0,0,0,0,0,0,0
2021-01-13,0,0,0,0,0,0,0,0,0,0,0,0,0,0,0,0,0,0,0,0,0,0
2021-01-14,0,0,0,0,0,0,0,0,0,0,0,0,0,0,0,0,0,0,0,0,0,0
2021-01-15,0,0,0,0,0,0,0,0,0,0,0,0,0,0,0,0,0,0,0,0,0,0
2021-01-19,0,0,0,0,0,0,0,0,0,0,0,0,0,0,0,0,0,0,0,0,0,0
2021-01-20,0,0,0,0,0,0,0,0,0,0,0,0,0,0,0,0,0,0,0,0,0,0
2021-01-21,0,0,0,0,0,0,0,0,0,0,0,0,0,0,0,0,0,0,0,0,0,0
2021-01-22,0,0,0,0,0,0,0,0,0,0,0,0,0,0,0,0,0,0,0,0,0,0
2021-01-25,0,0,0,0,0,0,0,0,0,0,0,0,0,0,0,0,0,0,0,0,0,0
2021-01-26,0,0,0,0,0,0,0,0,0,0,0,0,0,0,0,0,0,0,0,0,0,0
2021-01-27,0,0,0,0,0,0,0,0,0,0,0,0,0,0,0,0,0,0,0,0,0,0
2021-01-28,0,0,0,0,0,0,0,0,0,0,0,0,0,0,0,0,0,0,0,0,0,0
2021-01-29,0,0,0,0,0,0,0,0,0,0,0,0,0,0,0,0,0,0,0,0,0,0
2021-02-01,0,0,0,0,0,0,0,0,0,0,0,0,0,0,0,0,0,0,0,0,0,0
2021-02-02,0,0,0,0,0,0,0,0,0,0,0,0,0,0,0,0,0,0,0,0,0,0
2021-02-03,0,0,0,0,0,0,0,0,0,0,0,0,0,0,0,0,0,0,0,0,0,0
2021-02-04,0,0,0,0,0,0,0,0,0,0,0,0,0,0,0,0,0,0,0,0,0,0
2021-02-05,0,0,0,0,0,0,0,0,0,0,0,0,0,0,0,0,0,0,0,0,0,0
2021-02-08,0,0,0,0,0,0,0,0,0,0,0,0,0,0,0,0,0,0,0,0,0,0
2021-02-09,0,0,0,0,0,0,0,0,0,0,0,0,0,0,0,0,0,0,0,0,0,0
2021-02-10,0,0,0,0,0,0,0,0,0,0,0,0,0,0,0,0,0,0,0,0,0,0
2021-02-11,0,0,0,0,0,0,0,0,0,0,0,0,0,0,0,0,0,0,0,0,0,0
2021-02-12,0,0,0,0,0,0,0,0,0,0,0,0,0,0,0,0,0,0,0,0,0,0
2021-02-16,0,0,0,0,0,0,0,0,0,0,0,0,0,0,0,0,0,0,0,0,0,0
2021-02-17,0,0,0,0,0,0,0,0,0,0,0,0,0,0,0,0,0,0,0,0,0,0
2021-02-18,0,0,0,0,0,0,0,0,0,0,0,0,0,0,0,0,0,0,0,0,0,0
2021-02-19,0,0,0,0,0,0,0,0,0,0,0,0,0,0,0,0,0,0,0,0,0,0
2021-02-22,0,0,0,0,0,0,0,0,0,0,0,0,0,0,0,0,0,0,0,0,0,0
2021-02-23,0,0,0,0,0,0,0,0,0,0,0,0,0,0,0,0,0,0,0,0,0,0
2021-02-24,0,0,0,0,0,0,0,0,0,0,0,0,0,0,0,0,0,0,0,0,0,0
2021-02-25,0,0,0,0,0,0,0,0,0,0,0,0,0,0,0,0,0,0,0,0,0,0
2021-02-26,0,0,0,0,0,0,0,0,0,0,0,0,0,0,0,0,0,0,0,0,0,0
2021-03-01,0,0,0,0,0,0,0,0,0,0,0,0,0,0,0,0,0,0,0,0,0,0
2021-03-02,0,0,0,0,0,0,0,0,0,0,0,0,0,0,0,0,0,0,0,0,0,0
2021-03-03,0,0,0,0,0,0,0,0,0,0,0,0,0,0,0,0,0,0,0,0,0,0
2021-03-04,0,0,0,1,0,0,0,0,0,0,0,-1,0,0,0,0,0,0,0,0,0,0
2021-03-05,0,0,0,0,0,0,0,0,0,0,0,0,0,0,0,0,0,0,0,0,0,0
2021-03-08,0,0,0,0,0,0,0,0,0,0,0,0,0,0,0,0,0,0,0,0,0,0
2021-03-09,0,1,0,0,0,0,0,0,0,0,0,0,0,0,0,0,0,0,0,0,0,-1
2021-03-10,0,0,0,0,0,0,0,0,0,0,0,0,0,0,0,0,0,0,0,0,0,0
2021-03-11,0,0,0,0,0,0,0,0,0,0,0,0,0,0,0,0,0,0,0,0,0,0
2021-03-12,0,0,0,0,0,0,0,0,0,0,0,0,0,0,0,0,0,0,0,0,0,0
2021-03-15,0,0,0,0,0,0,0,0,0,0,0,0,0,0,0,0,0,0,0,0,0,0
2021-03-16,0,0,0,0,0,0,0,0,0,0,0,0,0,0,0,0,0,0,0,0,0,0
2021-03-17,0,0,0,0,0,0,0,0,0,0,0,0,0,0,0,0,0,0,0,0,0,0
2021-03-18,0,0,0,0,0,0,0,0,0,0,0,0,0,0,0,0,0,0,0,0,0,0
2021-03-19,0,0,0,0,0,0,0,0,0,0,0,0,0,0,0,0,0,0,0,0,0,0
2021-03-22,0,0,0,0,0,0,0,0,0,0,0,0,0,0,0,0,0,0,0,0,0,0
2021-03-23,0,0,0,0,0,0,0,0,0,0,0,0,0,0,0,0,0,0,0,0,0,0
2021-03-24,0,0,0,0,0,0,0,0,0,0,0,0,0,0,0,0,0,0,0,0,0,0
2021-03-25,0,0,0,0,0,0,0,0,0,0,0,0,0,0,0,0,0,0,0,0,0,0
2021-03-26,0,0,0,0,0,0,0,0,0,0,0,0,0,0,0,0,0,0,0,0,0,0
2021-03-29,0,0,0,0,0,0,0,0,0,0,0,0,0,0,0,0,0,0,0,0,0,0
2021-03-30,0,0,0,0,0,0,0,0,0,0,0,0,0,0,0,0,0,0,0,0,0,0
2021-03-31,0,0,0,0,0,0,0,0,0,0,0,0,0,0,0,0,0,0,0,0,0,0
2021-04-01,0,0,0,0,0,0,0,0,0,0,0,0,0,0,0,0,0,0,0,0,0,0
2021-04-05,0,0,0,0,0,0,0,0,0,0,0,0,0,0,0,0,0,0,0,0,0,0
2021-04-06,0,0,0,0,0,0,0,0,0,0,0,0,0,0,0,0,0,0,0,0,0,0
2021-04-07,0,0,0,0,0,0,0,0,0,0,0,0,0,0,0,0,0,0,0,0,0,0
2021-04-08,0,0,0,0,0,0,0,0,0,0,0,0,0,0,0,0,0,0,0,0,0,0
2021-04-09,0,0,0,0,0,0,0,0,0,0,0,-1,0,3,0,0,1,0,0,0,0,0
2021-04-12,0,0,0,0,0,0,0,0,0,0,0,0,0,0,0,0,0,0,0,0,0,0
2021-04-13,0,0,0,0,0,0,0,0,0,0,0,-1,0,2,0,0,1,0,0,0,0,0
2021-04-14,0,0,0,0,0,0,0,0,0,0,0,0,0,0,0,0,0,0,0,0,0,0
2021-04-15,0,0,0,0,0,0,0,0,0,0,0,0,0,0,0,0,0,0,0,0,0,0
2021-04-16,0,0,0,0,0,0,0,0,0,0,0,0,0,0,0,0,0,0,0,0,0,0
2021-04-19,0,0,0,0,0,0,0,0,0,0,0,0,0,0,0,0,0,0,0,0,0,0
2021-04-20,0,0,0,0,0,0,0,0,0,0,0,0,0,0,0,0,0,0,0,0,0,0
2021-04-21,0,0,0,0,0,0,0,0,0,0,0,0,0,0,0,0,0,0,0,0,0,0
2021-04-22,0,0,0,0,0,0,0,0,0,0,0,0,0,0,0,0,0,0,0,0,0,0
2021-04-23,0,0,0,0,0,0,0,0,0,0,0,0,0,0,0,0,0,0,0,0,0,0
2021-04-26,0,0,0,0,0,0,0,0,0,0,0,0,0,0,0,0,0,0,0,0,0,0
2021-04-27,0,0,0,0,0,0,0,0,0,0,0,0,0,0,0,0,0,0,0,0,0,0
2021-04-28,0,0,0,0,0,0,0,0,0,0,0,0,0,0,0,0,0,0,0,0,0,0
2021-04-29,0,0,0,0,0,0,0,0,0,0,0,0,0,0,0,0,0,0,0,0,0,0
2021-04-30,0,0,0,0,0,0,0,0,0,0,0,0,0,0,0,0,0,0,0,0,0,0
2021-05-03,0,0,0,0,0,0,0,0,0,0,0,0,0,0,0,0,0,0,0,0,0,0
2021-05-04,0,0,0,0,0,0,0,0,0,0,0,0,0,0,0,0,0,0,0,0,0,0
2021-05-05,0,0,0,0,0,0,0,0,0,0,0,0,0,0,0,0,0,0,0,0,0,0
2021-05-06,0,0,0,0,0,0,0,0,0,0,0,0,0,0,0,0,0,0,0,0,0,0
2021-05-07,0,0,0,0,0,0,0,0,0,0,0,0,0,0,0,0,0,0,0,0,0,0
2021-05-10,0,0,0,0,0,0,0,0,0,0,0,0,0,0,0,0,0,0,0,0,0,0
2021-05-11,0,0,0,0,0,0,0,0,0,0,0,0,0,0,0,0,0,0,0,0,0,0
2021-05-12,0,0,0,0,0,0,0,0,0,0,0,0,0,0,0,0,0,0,0,0,0,0
2021-05-13,0,0,0,0,0,0,0,0,0,0,0,0,0,0,0,0,0,0,0,0,0,0
2021-05-14,0,0,0,0,0,0,0,0,0,0,0,0,0,0,0,0,0,0,0,0,0,0
2021-05-17,0,0,0,0,0,0,0,0,0,0,0,0,0,0,0,0,0,0,0,0,0,0
2021-05-18,0,0,0,0,0,0,0,0,0,0,0,0,0,0,0,0,0,0,0,0,0,0
2021-05-19,0,0,0,0,0,0,0,0,0,0,0,0,0,0,0,0,0,0,0,0,0,0
2021-05-20,0,0,0,0,0,0,0,0,0,0,0,0,0,0,0,0,0,0,0,0,0,0
2021-05-21,0,0,0,0,0,0,0,0,0,0,0,0,0,0,0,0,0,0,0,0,0,0
2021-05-24,0,0,0,0,0,0,0,0,0,0,0,0,0,0,0,0,0,0,0,0,0,0
2021-05-25,0,0,0,0,0,0,0,0,0,0,0,0,0,0,0,0,0,0,0,0,0,0
2021-05-26,0,0,0,0,0,0,0,0,0,0,0,0,0,0,0,0,0,0,0,0,0,0
2021-05-27,0,0,0,6,0,0,0,0,0,2,0,-4,0,0,0,-1,1,0,0,-1,0,0
2021-05-28,0,0,0,0,0,0,0,0,0,0,0,0,0,0,0,0,0,0,0,0,0,0
2021-06-01,0,0,0,0,0,0,0,0,0,0,0,0,0,0,0,0,0,0,0,0,0,0
2021-06-02,0,0,0,0,0,0,0,0,0,0,0,0,0,0,0,0,0,0,0,0,0,0
2021-06-03,0,0,0,0,0,0,0,0,0,0,0,0,0,0,0,0,0,0,0,0,0,0
2021-06-04,0,0,0,0,0,0,0,0,0,0,0,0,0,0,0,0,0,0,0,0,0,0
2021-06-07,0,0,0,0,0,0,0,0,0,0,0,0,0,0,0,0,0,0,0,0,0,0
2021-06-08,0,0,0,0,0,0,0,0,0,0,0,-1,0,2,0,0,1,0,0,0,0,0
2021-06-09,0,0,0,0,0,0,0,0,0,0,0,-1,0,2,0,0,1,0,0,0,0,0
2021-06-10,0,0,0,0,0,0,0,0,0,0,0,-1,0,2,0,0,1,0,0,0,0,0
2021-06-11,0,0,0,0,0,0,0,0,0,1,0,-1,0,2,0,0,1,0,0,0,0,0
2021-06-14,0,0,0,0,0,0,0,0,0,0,0,0,0,0,0,0,0,0,0,0,0,0
2021-06-15,0,0,0,0,0,0,0,0,0,0,0,0,0,0,0,0,0,0,0,0,0,0
2021-06-16,0,4,0,-1,0,0,0,0,0,-5,0,0,0,1,0,0,0,0,0,0,0,0
2021-06-17,0,0,0,0,0,0,0,0,0,0,0,0,0,0,0,0,0,0,0,0,0,0
2021-06-18,0,0,0,0,0,0,0,0,0,6,0,-3,0,0,0,0,9,0,0,-3,0,0
2021-06-21,0,0,0,0,0,0,0,0,0,1,0,-1,0,2,0,0,1,0,0,0,0,0
2021-06-22,0,0,0,0,0,0,0,0,0,0,0,-1,0,2,0,0,1,0,0,0,0,0
2021-06-23,0,0,0,0,0,0,0,0,0,0,0,0,0,0,0,0,0,0,0,0,0,0
2021-06-24,0,0,0,0,0,0,0,0,0,1,0,-1,0,2,0,0,1,0,0,0,0,0
2021-06-25,0,0,0,0,0,0,0,0,0,0,0,-1,0,2,0,0,1,0,0,0,0,0
2021-06-28,0,0,0,0,0,0,0,0,0,0,0,0,0,0,0,0,0,0,0,0,0,0
2021-06-29,0,0,0,0,0,0,0,0,0,0,0,0,0,0,0,0,0,0,0,0,0,0
2021-06-30,0,0,0,0,0,0,0,0,0,0,0,0,0,0,0,0,0,0,0,0,0,0
2021-07-01,0,0,0,0,0,0,0,0,0,0,0,0,0,0,0,0,0,0,0,0,0,0
2021-07-02,0,0,0,0,0,0,0,0,0,0,0,0,0,0,0,0,0,0,0,0,0,0
2021-07-06,0,0,0,0,0,0,0,0,0,0,0,0,0,0,0,0,0,0,0,0,0,0
2021-07-07,0,0,0,0,0,0,0,0,0,0,0,0,0,0,0,0,0,0,0,0,0,0
2021-07-08,0,0,0,0,0,0,0,0,0,0,0,0,0,0,0,0,0,0,0,0,0,0
2021-07-09,0,0,0,0,0,0,0,0,0,0,0,0,0,0,0,0,0,0,0,0,0,0
2021-07-12,0,0,0,0,0,0,0,0,0,0,0,0,0,0,0,0,0,0,0,0,0,0
2021-07-13,0,0,0,0,0,0,0,0,0,0,0,0,0,0,0,0,0,0,0,0,0,0
2021-07-14,0,0,0,0,0,0,0,0,0,0,0,0,0,0,0,0,0,0,0,0,0,0
2021-07-15,0,0,0,0,0,0,0,0,0,0,0,0,0,0,0,0,0,0,0,0,0,0
2021-07-16,0,0,0,0,0,0,0,0,0,0,0,0,0,0,0,0,0,0,0,0,0,0
2021-07-19,0,0,0,0,0,0,0,0,0,0,0,0,0,0,0,0,0,0,0,0,0,0
2021-07-20,0,0,0,0,0,0,0,0,0,0,0,0,0,0,0,0,0,0,0,0,0,0
2021-07-21,0,0,0,0,0,0,0,0,0,0,0,0,0,0,0,0,0,0,0,0,0,0
2021-07-22,0,0,0,0,0,0,0,0,0,0,0,0,0,0,0,0,0,0,0,0,0,0
2021-07-23,0,0,0,0,0,0,0,0,0,0,0,0,0,0,0,0,0,0,0,0,0,0
2021-07-26,0,0,0,0,0,0,0,0,0,0,0,0,0,0,0,0,0,0,0,0,0,0
2021-07-27,0,0,0,0,0,0,0,0,0,0,0,0,0,0,0,0,0,0,0,0,0,0
2021-07-28,0,0,0,0,0,0,0,0,0,0,0,0,0,0,0,0,0,0,0,0,0,0
2021-07-29,0,0,0,0,0,0,0,0,0,0,0,0,0,0,0,0,0,0,0,0,0,0
2021-07-30,0,0,0,0,0,0,0,0,0,0,0,0,0,0,0,0,0,0,0,0,0,0
2021-08-02,0,0,0,0,0,0,0,0,0,0,0,0,0,0,0,0,0,0,0,0,0,0
2021-08-03,0,0,0,0,0,0,0,0,0,0,0,0,0,0,0,0,0,0,0,0,0,0
2021-08-04,0,0,0,0,0,0,0,0,0,0,0,0,0,0,0,0,0,0,0,0,0,0
2021-08-05,0,0,0,0,0,0,0,0,0,0,0,0,0,0,0,0,0,0,0,0,0,0
2021-08-06,0,0,0,0,0,0,0,0,0,0,0,0,0,0,0,0,0,0,0,0,0,0
2021-08-09,0,0,0,0,0,0,0,0,0,0,0,0,0,0,0,0,0,0,0,0,0,0
2021-08-10,0,0,0,0,0,0,0,0,0,0,0,0,0,0,0,0,0,0,0,0,0,0
2021-08-11,0,0,0,0,0,0,0,0,0,0,0,0,0,0,0,0,0,0,0,0,0,0
2021-08-12,0,0,0,0,0,0,0,0,0,0,0,0,0,0,0,0,0,0,0,0,0,0
2021-08-13,0,0,0,0,0,0,0,0,0,0,0,0,0,0,0,0,0,0,0,0,0,0
2021-08-16,0,0,0,0,0,0,0,0,0,0,0,0,0,0,0,0,0,0,0,0,0,0
2021-08-17,0,0,0,0,0,0,0,0,0,0,0,0,0,0,0,0,0,0,0,0,0,0
2021-08-18,0,0,0,0,0,0,0,0,0,0,0,0,0,0,0,0,0,0,0,0,0,0
2021-08-19,0,0,0,0,0,0,0,0,0,0,0,0,0,0,0,0,0,0,0,0,0,0
2021-08-20,0,0,0,0,0,0,0,0,0,0,0,0,0,0,0,0,0,0,0,0,0,0
2021-08-23,0,0,0,0,0,0,0,0,0,0,0,0,0,0,0,0,0,0,0,0,0,0
2021-08-24,0,0,0,0,0,0,0,0,0,0,0,0,0,0,0,0,0,0,0,0,0,0
2021-08-25,0,0,0,0,0,0,0,0,0,0,0,0,0,0,0,0,0,0,0,0,0,0
2021-08-26,0,0,0,0,0,0,0,0,0,0,0,0,0,0,0,0,0,0,0,0,0,0
2021-08-27,0,0,0,0,0,0,0,0,0,0,0,0,0,0,0,0,0,0,0,0,0,0
2021-08-30,0,0,0,0,0,0,0,0,0,0,0,0,0,0,0,0,0,0,0,0,0,0
2021-08-31,0,0,0,0,0,0,0,0,0,0,0,0,0,0,0,0,0,0,0,0,0,0
2021-09-01,0,0,0,2,0,0,0,0,0,0,0,-2,0,0,0,0,0,0,0,0,0,0
2021-09-02,0,0,0,0,0,0,0,0,0,0,0,0,0,0,0,0,0,0,0,0,0,0
2021-09-03,0,0,0,0,0,0,0,0,0,0,0,0,0,0,0,0,0,0,0,0,0,0
2021-09-07,0,0,0,2,0,0,0,0,0,3,0,-3,0,0,0,0,1,0,0,0,0,0
2021-09-08,0,0,0,3,0,0,0,0,0,3,0,-4,0,0,0,0,1,0,0,0,0,0
2021-09-09,0,0,0,3,0,0,0,0,0,2,0,-4,0,0,0,0,1,0,0,0,0,0
2021-09-10,0,0,0,0,0,0,0,0,0,0,0,0,0,0,0,0,0,0,0,0,0,0
2021-09-13,0,0,0,0,0,0,0,0,0,0,0,0,0,0,0,0,0,0,0,0,0,0
2021-09-14,0,0,0,0,0,0,0,0,0,1,0,0,0,0,0,0,0,0,0,0,0,0
2021-09-15,0,0,0,3,0,0,0,0,0,1,0,-4,0,0,0,0,1,0,0,0,0,0
2021-09-16,0,0,0,3,0,0,0,0,0,2,0,-4,0,0,0,0,1,0,0,0,0,0
2021-09-17,0,0,0,0,0,0,0,0,0,1,0,-2,0,0,0,0,3,0,0,0,0,0
2021-09-20,0,0,0,0,0,0,0,0,0,0,0,0,0,0,0,0,0,0,0,0,0,0
2021-09-21,0,0,0,0,0,0,0,0,0,1,0,0,0,2,0,0,0,0,0,0,0,-1
2021-09-22,0,0,0,0,0,0,0,0,0,0,0,0,0,0,0,0,0,0,0,0,0,0
2021-09-23,0,0,0,0,0,0,0,0,0,0,0,0,0,0,0,0,0,0,0,0,0,0
2021-09-24,0,0,0,0,0,0,0,0,0,0,0,0,0,0,0,0,0,0,0,0,0,0
2021-09-27,0,0,0,0,0,0,0,0,0,0,0,0,0,0,0,0,0,0,0,0,0,0
2021-09-28,0,0,0,0,0,0,0,0,0,0,0,0,0,0,0,0,0,0,0,0,0,0
2021-09-29,0,0,0,0,0,0,0,0,0,0,0,0,0,0,0,0,0,0,0,0,0,0
2021-09-30,0,0,0,3,0,0,0,0,0,3,0,-4,0,0,0,0,1,0,0,0,0,0
2021-10-01,0,0,0,0,0,0,0,0,0,0,0,0,0,0,0,0,0,0,0,0,0,0
2021-10-04,0,0,0,0,0,0,0,0,0,0,0,0,0,0,0,0,0,0,0,0,0,0
2021-10-05,0,0,0,0,0,0,0,0,0,0,0,0,0,0,0,0,0,0,0,0,0,0
2021-10-06,0,0,0,0,0,0,0,0,0,0,0,0,0,0,0,0,0,0,0,0,0,0
2021-10-07,0,0,0,0,0,0,0,0,0,0,0,0,0,0,0,0,0,0,0,0,0,0
2021-10-08,0,0,0,0,0,0,0,0,0,0,0,0,0,0,0,0,0,0,0,0,0,0
2021-10-11,0,0,0,0,0,0,0,0,0,0,0,0,0,0,0,0,0,0,0,0,0,0
2021-10-12,0,0,0,0,0,0,0,0,0,0,0,0,0,0,0,0,0,0,0,0,0,0
2021-10-13,0,0,0,0,0,0,0,0,0,0,0,0,0,0,0,0,0,0,0,0,0,0
2021-10-14,0,0,0,0,0,0,0,0,0,0,0,0,0,0,0,0,0,0,0,0,0,0
2021-10-15,0,0,0,0,0,0,0,0,0,0,0,0,0,0,0,0,0,0,0,0,0,0
2021-10-18,0,0,0,0,0,0,0,0,0,0,0,0,0,0,0,0,0,0,0,0,0,0
2021-10-19,0,0,0,0,0,0,0,0,0,0,0,0,0,0,0,0,0,0,0,0,0,0
2021-10-20,0,0,0,0,0,0,0,0,0,0,0,0,0,0,0,0,0,0,0,0,0,0
2021-10-21,0,0,0,0,0,0,0,0,0,0,0,0,0,0,0,0,0,0,0,0,0,0
2021-10-22,0,0,0,0,0,0,0,0,0,0,0,0,0,0,0,0,0,0,0,0,0,0
2021-10-25,0,0,0,0,0,0,0,0,0,0,0,0,0,0,0,0,0,0,0,0,0,0
2021-10-26,0,0,0,0,0,0,0,0,0,0,0,0,0,0,0,0,0,0,0,0,0,0
2021-10-27,0,0,0,0,0,0,0,0,0,0,0,0,0,0,0,0,0,0,0,0,0,0
2021-10-28,0,0,0,0,0,0,0,0,0,0,0,0,0,0,0,0,0,0,0,0,0,0
2021-10-29,0,0,0,0,0,0,0,0,0,0,0,0,0,0,0,0,0,0,0,0,0,0
2021-11-01,0,0,0,0,0,0,0,0,0,0,0,0,0,0,0,0,0,0,0,0,0,0
2021-11-02,0,0,0,0,0,0,0,0,0,0,0,0,0,0,0,0,0,0,0,0,0,0
2021-11-03,0,0,0,0,0,0,0,0,0,0,0,0,0,0,0,0,0,0,0,0,0,0
2021-11-04,0,0,0,0,0,0,0,0,0,0,0,0,0,0,0,0,0,0,0,0,0,0
2021-11-05,0,0,0,0,0,0,0,0,0,1,0,-1,0,1,0,0,1,0,0,0,0,0
2021-11-08,0,0,0,0,0,0,0,0,0,1,0,-1,0,1,0,0,1,0,0,0,0,0
2021-11-09,0,0,0,0,0,0,0,0,0,1,0,-1,0,1,0,0,1,0,0,0,0,0
2021-11-10,0,0,0,0,0,0,0,0,0,1,0,-1,0,1,0,0,1,0,0,0,0,0
2021-11-11,0,0,0,0,0,0,0,0,0,0,0,0,0,0,0,0,0,0,0,0,0,0
2021-11-12,0,0,0,0,0,0,0,0,0,0,0,0,0,0,0,0,0,0,0,0,0,0
2021-11-15,0,0,0,0,0,0,0,0,0,0,0,-1,0,1,0,0,1,0,0,0,0,0
2021-11-16,0,0,0,0,0,0,0,0,0,0,0,0,0,0,0,0,0,0,0,0,0,0
2021-11-17,0,0,0,0,0,0,0,0,0,0,0,-2,0,4,0,0,2,0,0,0,0,0
2021-11-18,0,0,0,0,0,0,0,0,0,0,0,-2,0,3,0,0,2,0,0,0,0,0
2021-11-19,0,0,0,0,0,0,0,0,0,0,0,-2,0,4,0,0,2,0,0,0,0,0
2021-11-22,0,0,0,0,0,0,0,0,0,0,0,-1,0,1,0,0,1,0,0,0,0,0
2021-11-23,0,0,0,0,0,0,0,0,0,0,0,-1,0,2,0,0,1,0,0,0,0,0
2021-11-24,0,0,0,3,0,0,0,0,0,6,0,-4,0,0,0,0,0,0,0,0,0,0
2021-11-26,0,0,0,0,0,0,0,0,0,5,0,-5,0,0,0,0,6,0,0,0,0,0
2021-11-29,0,0,0,0,0,0,0,0,0,6,0,-5,0,0,0,0,6,0,0,0,0,0
2021-11-30,0,0,0,0,0,0,0,0,0,5,0,-5,0,0,0,0,6,0,0,0,0,0
2021-12-01,0,0,0,0,0,0,0,0,0,0,0,0,0,0,0,0,0,0,0,0,0,0
2021-12-02,0,0,0,0,0,0,0,0,0,1,0,-2,0,3,0,0,2,0,0,0,0,0
2021-12-03,0,0,0,0,0,0,0,0,0,0,0,0,0,0,0,0,0,0,0,0,0,0
2021-12-06,0,0,0,0,0,0,0,0,0,0,0,0,0,0,0,0,0,0,0,0,0,0
2021-12-07,0,0,0,0,0,0,0,0,0,0,0,0,0,0,0,0,0,0,0,0,0,0
2021-12-08,0,0,0,0,0,0,0,0,0,0,0,0,0,0,0,0,0,0,0,0,0,0
2021-12-09,0,0,0,0,0,0,0,0,0,0,0,0,0,0,0,0,0,0,0,0,0,0
2021-12-10,0,10,0,-5,0,0,0,0,0,-3,0,0,0,9,0,0,0,0,0,0,0,0
2021-12-13,0,10,0,-5,0,0,0,0,0,-3,0,1,0,9,0,0,0,0,0,0,0,0
2021-12-14,0,10,0,-5,0,0,0,0,0,-3,0,1,0,9,0,0,0,0,0,0,0,0
2021-12-15,0,10,0,-5,0,0,0,0,0,-3,0,1,0,9,0,0,0,0,0,0,0,0
2021-12-16,0,10,0,-5,0,0,0,0,0,-3,0,1,0,9,0,0,0,0,0,0,0,0
2021-12-17,0,10,0,-5,0,0,0,0,0,-3,0,1,0,9,0,0,0,0,0,0,0,0
2021-12-18,0,10,0,-5,0,0,0,0,0,-3,0,1,0,9,0,0,0,0,0,0,0,0
2021-12-20,0,11,0,-4,0,0,0,0,0,-2,0,0,0,5,0,0,0,0,0,0,0,0
2021-12-21,0,0,0,0,0,0,0,0,0,1,0,0,0,0,0,0,0,0,0,0,0,0
2021-12-22,0,0,0,0,0,0,0,0,0,0,0,0,0,0,0,0,0,0,0,0,0,0
2021-12-23,0,0,0,0,0,0,0,0,0,0,0,0,0,0,0,0,0,0,0,0,0,0
2021-12-24,0,0,0,0,0,0,0,0,0,0,0,0,0,0,0,0,0,0,0,0,0,0
2021-12-27,0,0,0,0,0,0,0,0,0,0,0,0,0,0,0,0,0,0,0,0,0,0
2021-12-28,0,0,0,0,0,0,0,0,0,0,0,0,0,0,0,0,0,0,0,0,0,0
2021-12-29,0,0,0,0,0,0,0,0,0,0,0,0,0,0,0,0,0,0,0,0,0,0
2021-12-30,0,0,0,0,0,0,0,0,0,0,0,0,0,0,0,0,0,0,0,0,0,0
2021-12-31,0,0,0,0,0,0,0,0,0,0,0,0,0,0,0,0,0,0,0,0,0,0
2022-01-01,0,0,0,0,0,0,0,0,0,0,0,0,0,0,0,0,0,0,0,0,0,0
2022-01-03,0,0,0,0,0,0,0,0,0,0,0,0,0,0,0,0,0,0,0,0,0,0
2022-01-04,0,2,0,0,0,0,0,0,-1,-1,0,0,0,0,0,0,0,0,0,0,0,0
2022-01-05,0,2,0,0,0,0,0,0,-1,-1,0,0,0,0,0,0,0,0,0,0,0,0
2022-01-06,0,1,0,0,0,0,0,0,-1,-1,0,0,0,1,0,0,0,0,0,0,0,0
2022-01-07,0,2,0,0,0,0,0,0,-1,-1,0,0,0,1,0,0,0,0,0,0,0,0
2022-01-08,0,2,0,0,0,0,0,0,-1,-1,0,0,0,0,0,0,0,0,0,0,0,0
2022-01-10,0,5,0,-2,0,0,0,0,0,-1,0,0,0,1,0,0,0,0,0,0,0,0
2022-01-11,0,0,0,0,0,0,0,0,0,0,0,0,0,0,0,0,0,0,0,0,0,0
2022-01-12,0,0,0,0,0,0,0,0,0,0,0,0,0,0,0,0,0,0,0,0,0,0
2022-01-13,0,0,0,0,0,0,0,0,0,0,0,0,0,0,0,0,0,0,0,0,0,0
2022-01-14,0,0,0,0,0,0,0,0,0,0,0,0,0,0,0,0,0,0,0,0,0,0
2022-01-15,0,0,0,0,0,0,0,0,0,0,0,0,0,0,0,0,0,0,0,0,0,0
2022-01-18,0,0,0,0,0,0,0,0,0,0,0,0,0,0,0,0,0,0,0,0,0,0
2022-01-19,0,0,0,0,0,0,0,0,0,1,0,0,0,1,0,0,1,0,0,-1,0,0
2022-01-20,0,0,0,0,0,0,0,0,0,0,0,0,0,0,0,0,0,0,0,0,0,0
2022-01-21,0,0,0,0,0,0,0,0,0,0,0,0,0,0,0,0,0,0,0,0,0,0
2022-01-22,0,0,0,0,0,0,0,0,0,0,0,0,0,0,0,0,0,0,0,0,0,0
2022-01-24,0,0,0,0,0,0,0,0,0,0,0,0,0,0,0,0,0,0,0,0,0,0
2022-01-25,0,0,0,0,0,0,0,0,1,1,0,-2,0,0,0,0,2,0,0,0,0,0
2022-01-26,0,0,0,4,0,0,0,0,0,0,0,-4,0,0,0,0,1,0,0,0,0,0
2022-01-27,0,0,0,4,0,0,0,0,0,0,0,-4,0,0,0,0,1,0,0,0,0,0
2022-01-28,0,0,0,0,0,0,0,0,0,0,0,0,0,0,0,0,0,0,0,0,0,0
2022-01-29,0,0,0,0,0,0,0,0,0,0,0,0,0,0,0,0,0,0,0,0,0,0
2022-01-31,0,0,0,0,0,0,0,0,0,0,0,0,0,0,0,0,0,0,0,0,0,0
2022-02-01,0,0,0,0,0,0,0,0,0,0,0,0,0,0,0,0,0,0,0,0,0,0
2022-02-02,0,0,0,0,0,0,0,0,0,0,0,0,0,0,0,0,0,0,0,0,0,0
2022-02-03,0,0,0,0,0,0,0,0,0,0,0,0,0,0,0,0,0,0,0,0,0,0
2022-02-04,0,0,0,0,0,0,0,0,0,0,0,0,0,0,0,0,0,0,0,0,0,0
2022-02-05,0,0,0,0,0,0,0,0,0,0,0,0,0,0,0,0,0,0,0,0,0,0
2022-02-07,0,0,0,0,0,0,0,0,0,0,0,0,0,0,0,0,0,0,0,0,0,0
2022-02-08,0,0,0,0,0,0,0,0,0,0,0,0,0,0,0,0,0,0,0,0,0,0
2022-02-09,0,0,0,0,0,0,0,0,0,0,0,0,0,0,0,0,0,0,0,0,0,0
2022-02-10,0,0,0,3,0,0,0,0,0,2,0,-3,0,0,0,0,0,0,0,0,0,0
2022-02-11,0,0,0,3,0,0,0,0,0,3,0,-3,0,0,0,0,0,0,0,0,0,0
2022-02-12,0,0,0,3,0,0,0,0,0,3,0,-3,0,0,0,0,0,0,0,0,0,0
2022-02-14,0,0,0,3,0,0,0,0,0,2,0,-3,0,0,0,0,0,0,0,0,0,0
2022-02-15,0,0,0,3,0,0,0,0,0,2,0,-3,0,0,0,0,0,0,0,0,0,0
2022-02-16,0,0,0,3,0,0,0,0,0,1,0,-3,0,0,0,0,0,0,0,0,0,0
2022-02-17,0,0,0,3,0,0,0,0,0,2,0,-3,0,0,0,0,0,0,0,0,0,0
2022-02-18,0,0,0,3,0,0,0,0,0,2,0,-3,0,0,0,0,0,0,0,0,0,0
2022-02-19,0,0,0,3,0,0,0,0,0,2,0,-3,0,0,0,0,0,0,0,0,0,0
2022-02-22,0,0,0,3,0,0,0,0,0,2,0,-3,0,0,0,0,0,0,0,0,0,0
2022-02-23,0,0,0,0,0,0,0,0,0,0,0,0,0,0,0,0,0,0,0,0,0,0
2022-02-24,0,0,0,0,0,0,0,0,0,0,0,-1,0,2,0,0,1,0,0,0,0,0
2022-02-25,0,0,0,0,0,0,0,0,0,0,0,0,0,0,0,0,0,0,0,0,0,0
2022-02-26,0,0,0,0,0,0,0,0,0,0,0,0,0,0,0,0,0,0,0,0,0,0
2022-02-28,0,0,0,0,0,0,0,0,0,0,0,0,0,0,0,0,0,0,0,0,0,0
2022-03-01,0,0,0,0,0,0,0,0,0,0,0,0,0,0,0,0,0,0,0,0,0,0
2022-03-02,0,2,0,-13,0,0,0,0,-3,-5,0,1,0,0,0,9,-6,0,0,0,0,0
2022-03-03,0,1,0,-13,0,0,0,0,-3,-5,0,1,0,2,0,9,-6,0,0,0,0,0
2022-03-04,0,1,0,-13,0,0,0,0,-3,-5,0,1,0,2,0,9,-6,0,0,0,0,0
2022-03-05,0,1,0,-13,0,0,0,0,-3,-5,0,1,0,1,0,9,-6,0,0,0,0,0
2022-03-07,0,0,0,-13,0,0,0,0,-2,-3,0,8,0,5,0,0,-4,0,0,7,0,0
2022-03-08,0,0,0,-13,0,0,0,0,-2,-3,0,8,0,5,0,0,-4,0,0,7,0,0
2022-03-09,0,12,0,-6,0,0,0,0,0,-3,0,1,0,0,0,0,0,0,0,0,0,0
2022-03-10,0,0,0,-11,0,0,0,0,-2,-3,0,6,0,0,0,0,-4,0,0,9,0,0
2022-03-11,0,0,0,-11,0,0,0,0,-2,-3,0,6,0,0,0,0,-4,0,0,9,0,0
2022-03-12,0,0,0,0,0,0,0,0,0,0,0,0,0,0,0,0,0,0,0,0,0,0
2022-03-14,0,0,0,0,0,0,0,0,0,0,0,0,0,0,0,0,0,0,0,0,0,0
2022-03-15,0,0,0,0,0,0,0,0,0,0,0,0,0,0,0,0,0,0,0,0,0,0
2022-03-16,0,0,0,0,0,0,0,0,0,0,0,0,0,0,0,0,0,0,0,0,0,0
2022-03-17,0,0,0,0,0,0,0,0,0,0,0,0,0,0,0,0,0,0,0,0,0,0
2022-03-18,0,0,0,0,0,0,0,0,0,0,0,0,0,0,0,0,0,0,0,0,0,0
2022-03-21,0,0,0,0,0,0,0,0,0,0,0,0,0,0,0,0,0,0,0,0,0,0
2022-03-22,0,0,0,0,0,0,0,0,0,0,0,0,0,0,0,0,0,0,0,0,0,0
2022-03-23,0,0,0,0,0,0,0,0,0,0,0,0,0,0,0,0,0,0,0,0,0,0
2022-03-24,0,0,0,0,0,0,0,0,0,0,0,0,0,0,0,0,0,0,0,0,0,0
2022-03-25,0,0,0,0,0,0,0,0,0,0,0,0,0,0,0,0,0,0,0,0,0,0
2022-03-28,0,0,0,0,0,0,0,0,0,0,0,0,0,0,0,0,0,0,0,0,0,0
2022-03-29,0,0,0,0,0,0,0,0,0,0,0,0,0,0,0,0,0,0,0,0,0,0
2022-03-30,0,0,0,0,0,0,0,0,0,0,0,0,0,0,0,0,0,0,0,0,0,0
2022-03-31,0,0,0,0,0,0,0,0,0,1,0,0,0,0,0,0,0,0,0,0,0,0
2022-04-01,0,0,0,0,0,0,0,0,0,0,0,0,0,0,0,0,0,0,0,0,0,0
2022-04-04,0,0,0,0,0,0,0,0,0,0,0,0,0,0,0,0,0,0,0,0,0,0
2022-04-05,0,0,0,0,0,0,0,0,0,0,0,0,0,0,0,0,0,0,0,0,0,0
2022-04-06,0,10,0,-5,0,0,0,0,0,-3,0,0,0,10,0,0,0,0,0,0,0,0
2022-04-07,0,10,0,-5,0,0,0,0,0,-3,0,0,0,9,0,0,0,0,0,0,0,0
2022-04-08,0,10,0,-5,0,0,0,0,0,-3,0,0,0,9,0,0,0,0,0,0,0,0
2022-04-11,0,10,0,-5,0,0,0,0,0,-3,0,0,0,9,0,0,0,0,0,0,0,0
2022-04-12,0,10,0,-5,0,0,0,0,0,-1,0,0,0,7,0,0,0,0,0,0,0,0
2022-04-13,0,10,0,-5,0,0,0,0,0,0,0,0,0,7,0,0,0,0,0,0,0,0
2022-04-14,0,0,0,0,0,0,0,0,0,1,0,0,0,4,0,0,3,0,0,-3,0,0
2022-04-18,0,0,0,0,0,0,0,0,0,0,0,0,0,4,0,0,3,0,0,-3,0,0
2022-04-19,0,0,0,0,0,0,0,0,0,1,0,0,0,4,0,0,3,0,0,-3,0,0
2022-04-20,0,0,0,0,0,0,0,0,0,0,0,0,0,4,0,0,3,0,0,-3,0,0
2022-04-21,0,0,0,0,0,0,0,0,0,0,0,0,0,4,0,0,3,0,0,-3,0,0
2022-04-22,0,0,0,0,0,0,0,0,0,0,0,0,0,4,0,0,3,0,0,-3,0,0
2022-04-25,0,0,0,0,0,0,0,0,0,0,0,-1,0,1,0,-1,12,0,0,-6,0,0
2022-04-26,0,0,0,0,0,0,0,0,0,0,0,0,0,0,0,0,0,0,0,0,0,0
2022-04-27,0,0,0,0,0,0,0,0,0,0,0,0,0,0,0,0,0,0,0,0,0,0
2022-04-28,0,0,0,0,0,0,0,0,0,1,0,0,0,3,0,0,3,0,0,-3,0,0
2022-04-29,0,0,0,0,0,0,0,0,0,0,0,0,0,0,0,0,0,0,0,0,0,0
2022-05-02,0,0,0,0,0,0,0,0,0,0,0,0,0,0,0,0,0,0,0,0,0,0
2022-05-03,0,0,0,0,0,0,0,0,0,0,0,0,0,0,0,0,0,0,0,0,0,0
2022-05-04,0,0,0,0,0,0,0,0,0,0,0,0,0,0,0,0,0,0,0,0,0,0
2022-05-05,0,0,0,0,0,0,0,0,0,0,0,0,0,3,0,0,3,0,0,-3,0,0
2022-05-06,0,0,0,0,0,0,0,0,0,0,0,0,0,3,0,0,3,0,0,-3,0,0
2022-05-09,0,0,0,0,0,0,0,0,0,0,0,0,0,3,0,0,3,0,0,-3,0,0
2022-05-10,0,0,0,0,0,0,0,0,0,0,0,0,0,3,0,0,3,0,0,-3,0,0
2022-05-11,0,0,0,0,0,0,0,0,0,0,0,0,0,0,0,0,0,0,0,0,0,0
2022-05-12,0,0,0,0,0,0,0,0,0,0,0,0,0,0,0,0,0,0,0,0,0,0
2022-05-13,0,0,0,0,0,0,0,0,0,0,0,0,0,0,0,0,0,0,0,0,0,0
2022-05-16,0,0,0,0,0,0,0,0,0,0,0,0,0,0,0,0,0,0,0,0,0,0
2022-05-17,0,0,0,0,0,0,0,0,0,0,0,0,0,3,0,0,3,0,0,-3,0,0
2022-05-18,0,0,0,0,0,0,0,0,0,0,0,0,0,3,0,0,3,0,0,-3,0,0
2022-05-19,0,0,0,0,0,0,0,0,0,0,0,0,0,0,0,0,0,0,0,0,0,0
2022-05-20,0,0,0,0,0,0,0,0,0,0,0,0,0,1,0,0,1,0,0,-1,0,0
2022-05-23,0,0,0,0,0,0,0,0,0,0,0,0,0,1,0,0,1,0,0,-1,0,0
2022-05-24,0,0,0,0,0,0,0,0,0,1,0,0,0,0,0,0,1,0,0,-1,0,0
2022-05-25,0,0,0,0,0,0,0,0,0,0,0,0,0,1,0,0,2,0,0,-2,0,0
2022-05-26,0,0,0,0,0,0,0,0,0,0,0,0,0,2,0,0,2,0,0,-2,0,0
2022-05-27,0,0,0,0,0,0,0,0,0,0,0,0,0,0,0,0,0,0,0,0,0,0
2022-05-31,0,0,0,0,0,0,0,0,0,0,0,0,0,0,0,0,0,0,0,0,0,0
2022-06-01,0,0,0,0,0,0,0,0,0,0,0,0,0,0,0,0,0,0,0,0,0,0
2022-06-02,0,0,0,0,0,0,0,0,0,0,0,0,0,0,0,0,0,0,0,0,0,0
2022-06-03,0,0,0,0,0,0,0,0,0,0,0,0,0,0,0,0,0,0,0,0,0,0
2022-06-06,0,0,0,0,0,0,0,0,0,0,0,0,0,0,0,0,0,0,0,0,0,0
2022-06-07,0,0,0,0,0,0,0,0,0,0,0,0,0,0,0,0,0,0,0,0,0,0
2022-06-08,0,0,0,0,0,0,0,0,0,0,0,0,0,0,0,0,0,0,0,0,0,0
2022-06-09,0,0,0,0,0,0,0,0,0,0,0,0,0,0,0,0,0,0,0,0,0,0
2022-06-10,0,0,0,0,0,0,0,0,0,0,0,0,0,0,0,0,0,0,0,0,0,0
2022-06-13,0,0,0,0,0,0,0,0,0,0,0,0,0,0,0,0,0,0,0,0,0,0
2022-06-14,0,0,0,0,0,0,0,0,0,-1,0,0,0,1,0,0,0,0,0,0,0,0
2022-06-15,0,0,0,0,0,0,0,0,0,-1,0,0,0,0,0,0,0,0,0,0,0,0
2022-06-16,0,0,0,0,0,0,0,0,0,1,0,0,0,0,0,0,0,0,0,0,0,0
2022-06-17,0,0,0,0,0,0,0,0,0,-1,0,0,0,0,0,0,0,0,0,0,0,0
2022-06-21,0,0,0,0,0,0,0,0,0,1,0,0,0,0,0,0,0,0,0,0,0,0
2022-06-22,0,0,0,0,0,0,0,0,0,0,0,0,0,0,0,0,0,0,0,0,0,0
2022-06-23,0,0,0,0,0,0,0,0,0,-1,0,0,0,0,0,0,0,0,0,0,0,0
2022-06-24,0,0,0,0,0,0,0,0,0,1,0,0,0,0,0,0,0,0,0,0,0,0
2022-06-27,0,0,0,0,0,0,0,0,0,0,0,0,0,0,0,0,0,0,0,0,0,0
2022-06-28,0,0,0,0,0,0,0,0,0,0,0,0,0,0,0,0,0,0,0,0,0,0
2022-06-29,0,0,0,0,0,0,0,0,0,0,0,0,0,0,0,0,0,0,0,0,0,0
2022-06-30,0,0,0,0,0,0,0,0,0,0,0,0,0,0,0,0,0,0,0,0,0,0
2022-07-01,0,0,0,0,0,0,0,0,0,0,0,0,0,0,0,0,0,0,0,0,0,0
2022-07-05,0,0,0,0,0,0,0,0,0,0,0,0,0,0,0,0,0,0,0,0,0,0
2022-07-06,0,0,0,0,0,0,0,0,0,0,0,0,0,0,0,0,0,0,0,0,0,0
2022-07-07,0,0,0,0,0,0,0,0,0,0,0,0,0,0,0,0,0,0,0,0,0,0
2022-07-08,0,0,0,0,0,0,0,0,0,0,0,0,0,0,0,0,0,0,0,0,0,0
2022-07-11,0,0,0,0,0,0,0,0,0,0,0,0,0,0,0,0,0,0,0,0,0,0
2022-07-12,0,0,0,0,0,0,0,0,0,0,0,0,0,0,0,0,0,0,0,0,0,0
2022-07-13,0,0,0,0,0,0,0,0,0,0,0,0,0,0,0,0,0,0,0,0,0,0
2022-07-14,0,0,0,0,0,0,0,0,0,0,0,0,0,0,0,0,0,0,0,0,0,0
2022-07-15,0,0,0,0,0,0,0,0,0,0,0,0,0,0,0,0,0,0,0,0,0,0
2022-07-18,0,0,0,0,0,0,0,0,0,0,0,0,0,0,0,0,0,0,0,0,0,0
2022-07-19,0,0,0,0,0,0,0,0,0,0,0,0,0,0,0,0,0,0,0,0,0,0
2022-07-20,0,0,0,0,0,0,0,0,0,0,0,0,0,0,0,0,0,0,0,0,0,0
2022-07-21,0,0,0,0,0,0,0,0,0,0,0,0,0,0,0,0,0,0,0,0,0,0
2022-07-22,0,0,0,0,0,0,0,0,0,0,0,0,0,0,0,0,0,0,0,0,0,0
2022-07-25,0,0,0,0,0,0,0,0,0,0,0,0,0,0,0,0,0,0,0,0,0,0
2022-07-26,0,0,0,0,0,0,0,0,0,0,0,0,0,0,0,0,0,0,0,0,0,0
2022-07-27,0,0,0,0,0,0,0,0,0,0,0,0,0,0,0,0,0,0,0,0,0,0
2022-07-28,0,0,0,0,0,0,0,0,0,0,0,0,0,0,0,0,0,0,0,0,0,0
2022-07-29,0,0,0,0,0,0,0,0,0,0,0,0,0,0,0,0,0,0,0,0,0,0
2022-08-01,0,0,0,0,0,0,0,0,0,0,0,0,0,0,0,0,0,0,0,0,0,0
2022-08-02,0,0,0,0,0,0,0,0,0,0,0,0,0,0,0,0,0,0,0,0,0,0
2022-08-03,0,0,0,0,0,0,0,0,0,0,0,0,0,0,0,0,0,0,0,0,0,0
2022-08-04,0,0,0,0,0,0,0,0,0,0,0,0,0,0,0,0,0,0,0,0,0,0
2022-08-05,0,0,0,0,0,0,0,0,0,0,0,0,0,0,0,0,0,0,0,0,0,0
2022-08-08,0,0,0,0,0,0,0,0,0,0,0,0,0,0,0,0,0,0,0,0,0,0
2022-08-09,0,0,0,0,0,0,0,0,0,0,0,0,0,0,0,0,0,0,0,0,0,0
2022-08-10,0,0,0,0,0,0,0,0,0,0,0,0,0,0,0,0,0,0,0,0,0,0
2022-08-11,0,0,0,0,0,0,0,0,0,0,0,0,0,0,0,0,0,0,0,0,0,0
2022-08-12,0,0,0,0,0,0,0,0,0,0,0,0,0,0,0,0,0,0,0,0,0,0
2022-08-15,0,0,0,0,0,0,0,0,0,0,0,0,0,0,0,0,0,0,0,0,0,0
2022-08-16,0,0,0,0,0,0,0,0,0,0,0,0,0,0,0,0,0,0,0,0,0,0
2022-08-17,0,0,0,0,0,0,0,0,0,0,0,0,0,0,0,0,0,0,0,0,0,0
2022-08-18,0,0,0,0,0,0,0,0,0,0,0,0,0,0,0,0,0,0,0,0,0,0
2022-08-19,0,0,0,0,0,0,0,0,0,0,0,0,0,0,0,0,0,0,0,0,0,0
2022-08-22,0,0,0,0,0,0,0,0,0,0,0,0,0,0,0,0,0,0,0,0,0,0
2022-08-23,0,0,0,0,0,0,0,0,0,0,0,0,0,0,0,0,0,0,0,0,0,0
2022-08-24,0,0,0,0,0,0,0,0,0,0,0,0,0,0,0,0,0,0,0,0,0,0
2022-08-25,0,0,0,0,0,0,0,0,0,0,0,0,0,0,0,0,0,0,0,0,0,0
2022-08-26,0,0,0,2,0,0,0,0,0,5,0,-2,0,0,0,0,0,0,0,0,0,0
2022-08-29,0,0,0,0,0,0,0,0,0,3,0,-2,0,0,0,0,3,0,0,0,0,0
2022-08-30,0,0,0,0,0,0,0,0,0,2,0,-2,0,0,0,0,3,0,0,0,0,0
2022-08-31,0,0,0,0,0,0,0,0,0,0,0,0,0,0,0,0,0,0,0,0,0,0
2022-09-01,0,0,0,0,0,0,0,0,0,0,0,0,0,0,0,0,0,0,0,0,0,0
2022-09-02,0,0,0,0,0,0,0,0,0,0,0,0,0,0,0,0,0,0,0,0,0,0
2022-09-06,0,0,0,0,0,0,0,0,0,-1,0,0,0,1,0,0,0,0,0,0,0,0
2022-09-07,0,0,0,0,0,0,0,0,0,0,0,0,0,0,0,0,0,0,0,0,0,0
2022-09-08,0,0,0,0,0,0,0,0,0,0,0,0,0,0,0,0,0,0,0,0,0,0
2022-09-09,0,0,0,0,0,0,0,0,0,0,0,0,0,0,0,0,0,0,0,0,0,0
2022-09-12,0,0,0,0,0,0,0,0,0,0,0,0,0,0,0,0,0,0,0,0,0,0
2022-09-13,0,0,0,0,0,0,0,0,0,0,0,0,0,0,0,0,0,0,0,0,0,0
2022-09-14,0,0,0,0,0,0,0,0,0,0,0,0,0,0,0,0,0,0,0,0,0,0
2022-09-15,0,0,0,0,0,0,0,0,0,0,0,0,0,0,0,0,0,0,0,0,0,0
2022-09-16,0,0,0,0,0,0,0,0,0,0,0,0,0,0,0,0,0,0,0,0,0,0
2022-09-19,0,0,0,0,0,0,0,0,0,0,0,0,0,0,0,0,0,0,0,0,0,0
2022-09-20,0,0,0,0,0,0,0,0,0,0,0,0,0,0,0,0,0,0,0,0,0,0
2022-09-21,0,0,0,0,0,0,0,0,0,0,0,0,0,0,0,0,0,0,0,0,0,0
2022-09-22,0,0,0,0,0,0,0,0,0,0,0,0,0,0,0,0,0,0,0,0,0,0
2022-09-23,0,0,0,0,0,0,0,0,0,0,0,0,0,0,0,0,0,0,0,0,0,0
2022-09-26,0,0,0,0,0,0,0,0,0,0,0,0,0,0,0,0,0,0,0,0,0,0
2022-09-27,0,0,0,0,0,0,0,0,0,0,0,0,0,0,0,0,0,0,0,0,0,0
2022-09-28,0,0,0,0,0,0,0,0,0,0,0,0,0,0,0,0,0,0,0,0,0,0
2022-09-29,0,0,0,0,0,0,0,0,0,0,0,0,0,0,0,0,0,0,0,0,0,0
2022-09-30,0,0,0,0,0,0,0,0,0,0,0,0,0,0,0,0,0,0,0,0,0,0
2022-10-03,0,0,0,0,0,0,0,0,0,0,0,0,0,0,0,0,0,0,0,0,0,0
2022-10-04,0,0,0,0,0,0,0,0,0,0,0,0,0,0,0,0,0,0,0,0,0,0
2022-10-05,0,0,0,0,0,0,0,0,0,0,0,0,0,0,0,0,0,0,0,0,0,0
2022-10-06,0,0,0,0,0,0,0,0,0,0,0,0,0,0,0,0,0,0,0,0,0,0
2022-10-07,0,0,0,0,0,0,0,0,0,0,0,0,0,0,0,0,0,0,0,0,0,0
2022-10-10,0,0,0,0,0,0,0,0,0,0,0,0,0,0,0,0,0,0,0,0,0,0
2022-10-11,0,0,0,0,0,0,0,0,0,0,0,0,0,0,0,0,0,0,0,0,0,0
2022-10-12,0,0,0,0,0,0,0,0,0,0,0,0,0,0,0,0,0,0,0,0,0,0
2022-10-13,0,0,0,0,0,0,0,0,0,0,0,0,0,0,0,0,0,0,0,0,0,0
2022-10-14,0,0,0,0,0,0,0,0,0,0,0,0,0,0,0,0,0,0,0,0,0,0
2022-10-17,0,0,0,0,0,0,0,0,0,0,0,0,0,0,0,0,0,0,0,0,0,0
2022-10-18,0,0,0,0,0,0,0,0,0,0,0,0,0,0,0,0,0,0,0,0,0,0
2022-10-19,0,0,0,0,0,0,0,0,0,0,0,0,0,0,0,0,0,0,0,0,0,0
2022-10-20,0,0,0,0,0,0,0,0,0,0,0,0,0,0,0,0,0,0,0,0,0,0
2022-10-21,0,0,0,0,0,0,0,0,0,0,0,0,0,0,0,0,0,0,0,0,0,0
2022-10-24,0,0,0,0,0,0,0,0,0,0,0,0,0,0,0,0,0,0,0,0,0,0
2022-10-25,0,0,0,0,0,0,0,0,0,0,0,0,0,0,0,0,0,0,0,0,0,0
2022-10-26,0,0,0,0,0,0,0,0,0,0,0,0,0,0,0,0,0,0,0,0,0,0
2022-10-27,0,0,0,0,0,0,0,0,0,0,0,0,0,0,0,0,0,0,0,0,0,0
2022-10-28,0,0,0,0,0,0,0,0,0,0,0,0,0,0,0,0,0,0,0,0,0,0
2022-10-31,0,0,0,0,0,0,0,0,0,0,0,0,0,0,0,0,0,0,0,0,0,0
2022-11-01,0,0,0,0,0,0,0,0,0,0,0,0,0,0,0,0,0,0,0,0,0,0
2022-11-02,0,0,0,0,0,0,0,0,0,0,0,0,0,0,0,0,0,0,0,0,0,0
2022-11-03,0,0,0,0,0,0,0,0,0,0,0,0,0,0,0,0,0,0,0,0,0,0
2022-11-04,0,0,0,0,0,0,0,0,0,0,0,0,0,0,0,0,0,0,0,0,0,0
2022-11-07,0,0,0,0,0,0,0,0,0,0,0,0,0,0,0,0,0,0,0,0,0,0
2022-11-08,0,0,0,0,0,0,0,0,0,0,0,0,0,0,0,0,0,0,0,0,0,0
2022-11-09,0,0,0,0,0,0,0,0,0,0,0,0,0,0,0,0,0,0,0,0,0,0
2022-11-10,0,0,0,0,0,0,0,0,0,0,0,0,0,0,0,0,0,0,0,0,0,0
2022-11-11,0,0,0,0,0,0,0,0,0,0,0,0,0,0,0,0,0,0,0,0,0,0
2022-11-12,0,0,0,0,0,0,0,0,0,0,0,0,0,0,0,0,0,0,0,0,0,0
2022-11-14,0,0,0,0,0,0,0,0,0,0,0,0,0,0,0,0,0,0,0,0,0,0
2022-11-15,0,0,0,0,0,0,0,0,0,0,0,0,0,0,0,0,0,0,0,0,0,0
2022-11-16,0,0,0,0,0,0,0,0,0,0,0,0,0,0,0,0,0,0,0,0,0,0
2022-11-17,0,0,0,0,0,0,0,0,0,0,0,0,0,0,0,0,0,0,0,0,0,0
2022-11-18,0,0,0,0,0,0,0,0,0,0,0,0,0,0,0,0,0,0,0,0,0,0
2022-11-19,0,0,0,0,0,0,0,0,0,0,0,0,0,0,0,0,0,0,0,0,0,0
2022-11-21,0,0,0,0,0,0,0,0,0,0,0,0,0,0,0,0,0,0,0,0,0,0
2022-11-22,0,0,0,0,0,0,0,0,0,0,0,0,0,0,0,0,0,0,0,0,0,0
2022-11-23,0,0,0,0,0,0,0,0,0,0,0,0,0,0,0,0,0,0,0,0,0,0
2022-11-25,0,0,0,0,0,0,0,0,0,0,0,0,0,0,0,0,0,0,0,0,0,0
2022-11-28,0,0,0,0,0,0,0,0,0,0,0,0,0,0,0,0,0,0,0,0,0,0
2022-11-29,0,0,0,0,0,0,0,0,0,0,0,0,0,0,0,0,0,0,0,0,0,0
2022-11-30,0,0,0,0,0,0,0,0,0,0,0,0,0,0,0,0,0,0,0,0,0,0
2022-12-01,0,0,0,0,0,0,0,0,0,0,0,0,0,0,0,0,0,0,0,0,0,0
2022-12-02,0,0,0,0,0,0,0,0,0,0,0,0,0,0,0,0,0,0,0,0,0,0
2022-12-03,0,0,0,0,0,0,0,0,0,0,0,0,0,0,0,0,0,0,0,0,0,0
2022-12-05,0,0,0,0,0,0,0,0,0,0,0,0,0,0,0,0,0,0,0,0,0,0
2022-12-06,0,0,0,0,0,0,0,0,0,0,0,0,0,0,0,0,0,0,0,0,0,0
2022-12-07,0,0,0,0,0,0,0,0,0,0,0,0,0,0,0,0,0,0,0,0,0,0
2022-12-08,0,0,0,0,0,0,0,0,0,0,0,0,0,0,0,0,0,0,0,0,0,0
2022-12-09,0,0,0,0,0,0,0,0,0,0,0,0,0,0,0,0,0,0,0,0,0,0
2022-12-10,0,0,0,0,0,0,0,0,0,0,0,0,0,0,0,0,0,0,0,0,0,0
2022-12-12,0,0,0,0,0,0,0,0,0,0,0,0,0,0,0,0,0,0,0,0,0,0
2022-12-13,0,0,0,0,0,0,0,0,0,0,0,0,0,0,0,0,0,0,0,0,0,0
2022-12-14,0,0,0,0,0,0,0,0,0,0,0,0,0,0,0,0,0,0,0,0,0,0
2022-12-15,0,1,0,-3,0,0,0,0,0,-3,0,0,0,1,0,0,0,0,0,2,0,0
2022-12-16,0,0,0,0,0,0,0,0,0,0,0,0,0,0,0,0,0,0,0,0,0,0
2022-12-17,0,0,0,0,0,0,0,0,0,0,0,0,0,0,0,0,0,0,0,0,0,0
2022-12-19,0,0,0,0,0,0,0,0,0,0,0,0,0,0,0,0,0,0,0,0,0,0
2022-12-20,0,0,0,0,0,0,0,0,0,0,0,0,0,0,0,0,0,0,0,0,0,0
2022-12-21,0,0,0,0,0,0,0,0,0,0,0,0,0,0,0,0,0,0,0,0,0,0
2022-12-22,0,0,0,0,0,0,0,0,0,0,0,0,0,0,0,0,0,0,0,0,0,0
2022-12-23,0,0,0,0,0,0,0,0,0,0,0,0,0,0,0,0,0,0,0,0,0,0
2022-12-24,0,0,0,0,0,0,0,0,0,0,0,0,0,0,0,0,0,0,0,0,0,0
2022-12-27,0,0,0,0,0,0,0,0,0,0,0,0,0,0,0,0,0,0,0,0,0,0
2022-12-28,0,0,0,0,0,0,0,0,0,0,0,0,0,0,0,0,0,0,0,0,0,0
2022-12-29,0,0,0,0,0,0,0,0,0,0,0,0,0,0,0,0,0,0,0,0,0,0
2022-12-30,0,0,0,0,0,0,0,0,0,0,0,0,0,0,0,0,0,0,0,0,0,0
2022-12-31,0,0,0,0,0,0,0,0,0,0,0,0,0,0,0,0,0,0,0,0,0,0
2023-01-03,0,0,0,0,0,0,0,0,0,0,0,0,0,0,0,0,0,0,0,0,0,0
2023-01-04,0,0,0,0,0,0,0,0,0,0,0,0,0,0,0,0,0,0,0,0,0,0
2023-01-05,0,0,0,0,0,0,0,0,0,0,0,0,0,0,0,0,0,0,0,0,0,0
2023-01-06,0,0,0,0,0,0,0,0,0,0,0,0,0,0,0,0,0,0,0,0,0,0
2023-01-07,0,0,0,0,0,0,0,0,0,0,0,0,0,0,0,0,0,0,0,0,0,0
2023-01-09,0,0,0,0,0,0,0,0,0,0,0,0,0,0,0,0,0,0,0,0,0,0
2023-01-10,0,0,0,0,0,0,0,0,0,0,0,0,0,0,0,0,0,0,0,0,0,0
2023-01-11,0,0,0,0,0,0,0,0,0,0,0,0,0,0,0,0,0,0,0,0,0,0
2023-01-12,0,0,0,0,0,0,0,0,0,0,0,0,0,0,0,0,0,0,0,0,0,0
2023-01-13,0,0,0,0,0,0,0,0,0,0,0,0,0,0,0,0,0,0,0,0,0,0
2023-01-14,0,0,0,0,0,0,0,0,0,0,0,0,0,0,0,0,0,0,0,0,0,0
2023-01-17,0,0,0,0,0,0,0,0,0,0,0,0,0,0,0,0,0,0,0,0,0,0
2023-01-18,0,0,0,0,0,0,0,0,0,0,0,0,0,0,0,0,0,0,0,0,0,0
2023-01-19,0,0,0,0,0,0,0,0,0,0,0,0,0,0,0,0,0,0,0,0,0,0
2023-01-20,0,0,0,0,0,0,0,0,0,0,0,0,0,0,0,0,0,0,0,0,0,0
2023-01-21,0,0,0,0,0,0,0,0,0,0,0,0,0,0,0,0,0,0,0,0,0,0
2023-01-23,0,0,0,0,0,0,0,0,0,0,0,0,0,0,0,0,0,0,0,0,0,0
2023-01-24,0,0,0,0,0,0,0,0,0,0,0,0,0,0,0,0,0,0,0,0,0,0
2023-01-25,0,0,0,0,0,0,0,0,0,0,0,0,0,0,0,0,0,0,0,0,0,0
2023-01-26,0,0,0,0,0,0,0,0,0,0,0,0,0,0,0,0,0,0,0,0,0,0
2023-01-27,0,0,0,0,0,0,0,0,0,0,0,0,0,0,0,0,0,0,0,0,0,0
2023-01-28,0,0,0,0,0,0,0,0,0,0,0,0,0,0,0,0,0,0,0,0,0,0
2023-01-30,0,0,0,0,0,0,0,0,0,0,0,0,0,0,0,0,0,0,0,0,0,0
2023-01-31,0,0,0,0,0,0,0,0,0,0,0,0,0,0,0,0,0,0,0,0,0,0
2023-02-01,0,0,0,0,0,0,0,0,0,0,0,0,0,0,0,0,0,0,0,0,0,0
2023-02-02,0,12,0,-3,0,0,0,0,0,-7,0,0,0,2,0,0,-3,0,0,0,0,0
2023-02-03,0,0,0,0,0,0,0,0,0,0,0,0,0,0,0,0,0,0,0,0,0,0
2023-02-04,0,0,0,0,0,0,0,0,0,0,0,0,0,0,0,0,0,0,0,0,0,0
2023-02-06,0,0,0,0,0,0,0,0,0,0,0,0,0,0,0,0,0,0,0,0,0,0
2023-02-07,0,0,0,0,0,0,0,0,0,0,0,0,0,0,0,0,0,0,0,0,0,0
2023-02-08,0,0,0,0,0,0,0,0,0,0,0,0,0,0,0,0,0,0,0,0,0,0
2023-02-09,0,0,0,0,0,0,0,0,0,0,0,0,0,0,0,0,0,0,0,0,0,0
2023-02-10,0,0,0,0,0,0,0,0,0,0,0,0,0,0,0,0,0,0,0,0,0,0
2023-02-11,0,0,0,0,0,0,0,0,0,0,0,0,0,0,0,0,0,0,0,0,0,0
2023-02-13,0,0,0,0,0,0,0,0,0,0,0,0,0,0,0,0,0,0,0,0,0,0
2023-02-14,0,0,0,0,0,0,0,0,0,0,0,0,0,0,0,0,0,0,0,0,0,0
2023-02-15,0,0,0,0,0,0,0,0,0,0,0,-1,0,3,0,0,1,0,0,0,0,0
2023-02-16,0,0,0,0,0,0,0,0,0,0,0,0,0,0,0,0,0,0,0,0,0,0
2023-02-17,0,0,0,0,0,0,0,0,0,0,0,0,0,0,0,0,0,0,0,0,0,0
2023-02-18,0,0,0,0,0,0,0,0,0,0,0,0,0,0,0,0,0,0,0,0,0,0
2023-02-21,0,0,0,0,0,0,0,0,0,0,0,0,0,0,0,0,0,0,0,0,0,0
2023-02-22,0,0,0,0,0,0,0,0,0,0,0,0,0,0,0,0,0,0,0,0,0,0
2023-02-23,0,0,0,0,0,0,0,0,0,0,0,0,0,0,0,0,0,0,0,0,0,0
2023-02-24,0,0,0,0,0,0,0,0,0,0,0,0,0,0,0,0,0,0,0,0,0,0
2023-02-25,0,0,0,0,0,0,0,0,0,0,0,0,0,0,0,0,0,0,0,0,0,0
2023-02-27,0,0,0,0,0,0,0,0,0,0,0,0,0,0,0,0,0,0,0,0,0,0
2023-02-28,0,0,0,0,0,0,0,0,0,0,0,0,0,0,0,0,0,0,0,0,0,0
2023-03-01,0,0,0,0,0,0,0,0,0,0,0,0,0,0,0,0,0,0,0,0,0,0
2023-03-02,0,0,0,0,0,0,0,0,0,0,0,0,0,0,0,0,0,0,0,0,0,0
2023-03-03,0,0,0,0,0,0,0,0,0,0,0,0,0,0,0,0,0,0,0,0,0,0
2023-03-04,0,0,0,0,0,0,0,0,0,0,0,0,0,0,0,0,0,0,0,0,0,0
2023-03-06,0,0,0,0,0,0,0,0,0,0,0,0,0,0,0,0,0,0,0,0,0,0
2023-03-07,0,0,0,0,0,0,0,0,0,0,0,0,0,0,0,0,0,0,0,0,0,0
2023-03-08,0,0,0,0,0,0,0,0,0,0,0,0,0,0,0,0,0,0,0,0,0,0
2023-03-09,0,5,0,-3,0,0,0,0,0,-2,0,0,0,1,0,0,0,0,0,0,0,0
2023-03-10,0,5,0,-3,0,0,0,0,0,0,0,0,0,1,0,0,0,0,0,0,0,0
2023-03-11,0,5,0,-3,0,0,0,0,0,0,0,0,0,0,0,0,0,0,0,0,0,0
2023-03-13,0,0,0,0,0,0,0,0,0,0,0,0,0,1,0,0,0,0,0,0,0,0
2023-03-14,0,0,0,0,0,0,0,0,0,0,0,0,0,0,0,0,0,0,0,0,0,0
2023-03-15,0,0,0,0,0,0,0,0,0,0,0,0,0,0,0,0,0,0,0,0,0,0
2023-03-16,0,0,0,0,0,0,0,0,0,0,0,-1,0,5,0,0,1,0,0,0,0,0
2023-03-17,0,0,0,0,0,0,0,0,0,0,0,0,0,5,0,0,2,0,0,-2,0,0
2023-03-20,0,0,0,0,0,0,0,0,0,0,0,0,0,0,0,0,0,0,0,0,0,0
2023-03-21,0,0,0,0,0,0,0,0,0,0,0,0,0,0,0,0,0,0,0,0,0,0
2023-03-22,0,0,0,0,0,0,0,0,0,0,0,0,0,0,0,0,0,0,0,0,0,0
2023-03-23,0,0,0,0,0,0,0,0,0,0,0,0,0,0,0,0,0,0,0,0,0,0
2023-03-24,0,0,0,0,0,0,0,0,0,0,0,0,0,0,0,0,0,0,0,0,0,0
2023-03-27,0,0,0,0,0,0,0,0,0,0,0,0,0,0,0,0,0,0,0,0,0,0
2023-03-28,0,0,0,0,0,0,0,0,0,0,0,0,0,0,0,0,0,0,0,0,0,0
2023-03-29,0,0,0,0,0,0,0,0,0,0,0,0,0,0,0,0,0,0,0,0,0,0
2023-03-30,0,0,0,0,0,0,0,0,0,0,0,0,0,0,0,0,0,0,0,0,0,0
2023-03-31,0,0,0,0,0,0,0,0,0,0,0,0,0,0,0,0,0,0,0,0,0,0
2023-04-03,0,0,0,0,0,0,0,0,0,0,0,0,0,0,0,0,0,0,0,0,0,0
2023-04-04,0,0,0,0,0,0,0,0,0,0,0,0,0,0,0,0,0,0,0,0,0,0
2023-04-05,0,0,0,0,0,0,0,0,0,0,0,0,0,0,0,0,0,0,0,0,0,0
2023-04-06,0,0,0,0,0,0,0,0,0,0,0,0,0,0,0,0,0,0,0,0,0,0
2023-04-10,0,0,0,0,0,0,0,0,0,0,0,0,0,0,0,0,0,0,0,0,0,0
2023-04-11,0,0,0,0,0,0,0,0,0,0,0,0,0,0,0,0,0,0,0,0,0,0
2023-04-12,0,0,0,0,0,0,0,0,0,0,0,0,0,0,0,0,0,0,0,0,0,0
2023-04-13,0,0,0,0,0,0,0,0,0,0,0,0,0,0,0,0,0,0,0,0,0,0
2023-04-14,0,0,0,0,0,0,0,0,0,0,0,0,0,0,0,0,0,0,0,0,0,0
2023-04-17,0,0,0,0,0,0,0,0,0,0,0,0,0,0,0,0,0,0,0,0,0,0
2023-04-18,0,0,0,0,0,0,0,0,0,0,0,0,0,0,0,0,0,0,0,0,0,0
2023-04-19,0,0,0,0,0,0,0,0,0,0,0,0,0,0,0,0,0,0,0,0,0,0
2023-04-20,0,0,0,0,0,0,0,0,0,0,0,0,0,0,0,0,0,0,0,0,0,0
2023-04-21,0,0,0,0,0,0,0,0,0,0,0,0,0,0,0,0,0,0,0,0,0,0
2023-04-24,0,0,0,0,0,0,0,0,0,0,0,0,0,0,0,0,0,0,0,0,0,0
2023-04-25,0,0,0,0,0,0,0,0,0,0,0,-1,0,7,0,0,4,0,0,-2,0,0
2023-04-26,0,0,0,0,0,0,0,0,0,0,0,-1,0,6,0,0,4,0,0,-2,0,0
2023-04-27,0,0,0,0,0,0,0,0,0,0,0,-1,0,0,0,0,5,0,0,-2,0,0
2023-04-28,0,0,0,0,0,0,0,0,0,0,0,0,0,0,0,0,0,0,0,0,0,0
2023-05-01,0,0,0,0,0,0,0,0,0,0,0,0,0,0,0,0,0,0,0,0,0,0
2023-05-02,0,0,0,0,0,0,0,0,0,0,0,0,0,0,0,0,0,0,0,0,0,0
2023-05-03,0,0,0,0,0,0,0,0,0,0,0,-4,0,2,0,0,13,0,0,-3,0,0
2023-05-04,0,0,0,0,0,0,0,0,0,0,0,0,0,0,0,0,0,0,0,0,0,0
2023-05-05,0,0,0,0,0,0,0,0,0,0,0,0,0,0,0,0,0,0,0,0,0,0
2023-05-08,0,0,0,0,0,0,0,0,0,0,0,0,0,0,0,0,0,0,0,0,0,0
2023-05-09,0,0,0,0,0,0,0,0,0,0,0,0,0,0,0,0,0,0,0,0,0,0
2023-05-10,0,0,0,0,0,0,0,0,0,0,0,0,0,4,0,0,1,0,0,-1,0,0
2023-05-11,0,0,0,0,0,0,0,0,0,5,0,-3,0,1,0,-1,15,0,0,-3,0,0
2023-05-12,0,0,0,0,0,0,0,0,0,0,0,0,0,0,0,0,0,0,0,0,0,0
2023-05-15,0,0,0,0,0,0,0,0,0,0,0,0,0,0,0,0,0,0,0,0,0,0
2023-05-16,0,0,0,0,0,0,0,0,0,0,0,0,0,0,0,0,0,0,0,0,0,0
2023-05-17,0,0,0,0,0,0,0,0,0,0,0,0,0,0,0,0,0,0,0,0,0,0
2023-05-18,0,0,0,0,0,0,0,0,0,0,0,0,0,0,0,0,0,0,0,0,0,0
2023-05-19,0,0,0,0,0,0,0,0,0,0,0,0,0,0,0,0,0,0,0,0,0,0
2023-05-22,0,0,0,0,0,0,0,0,0,0,0,0,0,0,0,0,0,0,0,0,0,0
2023-05-23,0,0,0,0,0,0,0,0,0,0,0,0,0,0,0,0,0,0,0,0,0,0
2023-05-24,0,0,0,0,0,0,0,0,0,0,0,0,0,0,0,0,0,0,0,0,0,0
2023-05-25,0,0,0,0,0,0,0,0,0,0,0,0,0,0,0,0,0,0,0,0,0,0
2023-05-26,0,0,0,0,0,0,0,0,0,0,0,0,0,0,0,0,0,0,0,0,0,0
2023-05-30,0,0,0,0,0,0,0,0,0,0,0,0,0,0,0,0,0,0,0,0,0,0
2023-05-31,0,0,0,0,0,0,0,0,0,0,0,0,0,0,0,0,0,0,0,0,0,0
2023-06-01,0,0,0,0,0,0,0,0,0,0,0,0,0,0,0,0,0,0,0,0,0,0
2023-06-02,0,0,0,0,0,0,0,0,0,0,0,0,0,0,0,0,0,0,0,0,0,0
2023-06-05,0,0,0,0,0,0,0,0,0,0,0,0,0,0,0,0,0,0,0,0,0,0
2023-06-06,0,0,0,0,0,0,0,0,0,0,0,0,0,0,0,0,0,0,0,0,0,0
2023-06-07,0,0,0,0,0,0,0,0,0,0,0,0,0,0,0,0,0,0,0,0,0,0
2023-06-08,0,0,0,0,0,0,0,0,0,0,0,0,0,0,0,0,0,0,0,0,0,0
2023-06-09,0,0,0,0,0,0,0,0,0,0,0,0,0,0,0,0,0,0,0,0,0,0
2023-06-12,0,0,0,0,0,0,0,0,0,0,0,0,0,0,0,0,0,0,0,0,0,0
2023-06-13,0,0,0,0,0,0,0,0,0,0,0,0,0,0,0,0,0,0,0,0,0,0
2023-06-14,0,0,0,0,0,0,0,0,0,0,0,0,0,0,0,0,0,0,0,0,0,0
2023-06-15,0,0,0,0,0,0,0,0,0,0,0,0,0,0,0,0,0,0,0,0,0,0
2023-06-16,0,0,0,0,0,0,0,0,0,0,0,0,0,0,0,0,0,0,0,0,0,0
2023-06-20,0,0,0,0,0,0,0,0,0,0,0,0,0,0,0,0,0,0,0,0,0,0
2023-06-21,0,0,0,0,0,0,0,0,0,0,0,0,0,0,0,0,0,0,0,0,0,0
2023-06-22,0,0,0,0,0,0,0,0,0,0,0,0,0,0,0,0,0,0,0,0,0,0
2023-06-23,0,0,0,0,0,0,0,0,0,0,0,0,0,0,0,0,0,0,0,0,0,0
2023-06-26,0,0,0,0,0,0,0,0,0,0,0,0,0,0,0,0,0,0,0,0,0,0
2023-06-27,0,0,0,0,0,0,0,0,0,0,0,0,0,0,0,0,0,0,0,0,0,0
2023-06-28,0,0,0,0,0,0,0,0,0,0,0,0,0,0,0,0,0,0,0,0,0,0
2023-06-29,0,0,0,0,0,0,0,0,0,0,0,0,0,0,0,0,0,0,0,0,0,0
2023-06-30,0,0,0,0,0,0,0,0,0,0,0,0,0,0,0,0,0,0,0,0,0,0
2023-07-03,0,0,0,0,0,0,0,0,0,0,0,0,0,0,0,0,0,0,0,0,0,0
2023-07-05,0,0,0,0,0,0,0,0,0,0,0,0,0,0,0,0,0,0,0,0,0,0
2023-07-06,0,0,0,0,0,0,0,0,0,0,0,0,0,0,0,0,0,0,0,0,0,0
2023-07-07,0,0,0,0,0,0,0,0,0,0,0,0,0,0,0,0,0,0,0,0,0,0
2023-07-10,0,0,0,0,0,0,0,0,0,0,0,0,0,0,0,0,0,0,0,0,0,0
2023-07-11,0,0,0,0,0,0,0,0,0,0,0,0,0,0,0,0,0,0,0,0,0,0
2023-07-12,0,0,0,0,0,0,0,0,0,0,0,0,0,0,0,0,0,0,0,0,0,0
2023-07-13,0,0,0,0,0,0,0,0,0,0,0,0,0,0,0,0,0,0,0,0,0,0
2023-07-14,0,0,0,0,0,0,0,0,0,0,0,0,0,0,0,0,0,0,0,0,0,0
2023-07-17,0,0,0,0,0,0,0,0,0,0,0,0,0,0,0,0,0,0,0,0,0,0
2023-07-18,0,0,0,0,0,0,0,0,0,0,0,0,0,0,0,0,0,0,0,0,0,0
2023-07-19,0,0,0,0,0,0,0,0,0,0,0,0,0,0,0,0,0,0,0,0,0,0
2023-07-20,0,0,0,0,0,0,0,0,0,0,0,0,0,0,0,0,0,0,0,0,0,0
2023-07-21,0,0,0,0,0,0,0,0,0,0,0,0,0,0,0,0,0,0,0,0,0,0
2023-07-24,0,0,0,0,0,0,0,0,0,0,0,0,0,0,0,0,0,0,0,0,0,0
2023-07-25,0,0,0,0,0,0,0,0,0,0,0,0,0,0,0,0,0,0,0,0,0,0
2023-07-26,0,0,0,0,0,0,0,0,0,0,0,0,0,0,0,0,0,0,0,0,0,0
2023-07-27,0,0,0,0,0,0,0,0,0,0,0,0,0,6,0,0,2,0,0,-2,0,0
2023-07-28,0,0,0,0,0,0,0,0,0,0,0,0,0,0,0,0,0,0,0,0,0,0
2023-07-31,0,0,0,0,0,0,0,0,0,0,0,0,0,0,0,0,0,0,0,0,0,0
2023-08-01,0,0,0,0,0,0,0,0,0,0,0,0,0,0,0,0,0,0,0,0,0,0
2023-08-02,0,0,0,0,0,0,0,0,0,0,0,0,0,0,0,0,0,0,0,0,0,0
2023-08-03,0,0,0,0,0,0,0,0,0,0,0,0,0,0,0,0,0,0,0,0,0,0
2023-08-04,0,0,0,0,0,0,0,0,0,0,0,0,0,0,0,0,0,0,0,0,0,0
2023-08-07,0,0,0,0,0,0,0,0,0,0,0,0,0,0,0,0,0,0,0,0,0,0
2023-08-08,0,0,0,0,0,0,0,0,0,0,0,0,0,0,0,0,0,0,0,0,0,0
2023-08-09,0,0,0,0,0,0,0,0,0,0,0,0,0,0,0,0,0,0,0,0,0,0
2023-08-10,0,0,0,0,0,0,0,0,0,0,0,0,0,0,0,0,0,0,0,0,0,0
2023-08-11,0,0,0,0,0,0,0,0,0,0,0,0,0,5,0,0,2,0,0,-2,0,0
2023-08-14,0,0,0,0,0,0,0,0,0,0,0,0,0,2,0,0,4,0,0,-3,0,0
2023-08-15,0,0,0,0,0,0,0,0,0,0,0,0,0,4,0,-1,8,0,0,-3,0,0
2023-08-16,0,0,0,0,0,0,0,0,0,0,0,0,0,4,0,-2,12,0,0,-3,0,0
2023-08-17,0,0,0,0,0,0,0,0,0,0,0,0,0,2,0,0,4,0,0,-3,0,0
2023-08-18,0,0,0,0,0,0,0,0,0,0,0,0,0,1,0,0,4,0,0,-3,0,0
2023-08-21,0,0,0,0,0,0,0,0,0,0,0,0,0,0,0,0,0,0,0,0,0,0
2023-08-22,0,0,0,0,0,0,0,0,0,0,0,0,0,0,0,0,0,0,0,0,0,0
2023-08-23,0,0,0,0,0,0,0,0,0,0,0,0,0,0,0,0,0,0,0,0,0,0
2023-08-24,0,0,0,0,0,0,0,0,0,0,0,0,0,0,0,0,0,0,0,0,0,0
2023-08-25,0,0,0,0,0,0,0,0,0,0,0,0,0,0,0,0,0,0,0,0,0,0
2023-08-28,0,0,0,0,0,0,0,0,0,0,0,0,0,0,0,0,0,0,0,0,0,0
2023-08-29,0,0,0,0,0,0,0,0,0,0,0,0,0,0,0,0,0,0,0,0,0,0
2023-08-30,0,0,0,0,0,0,0,0,0,0,0,0,0,0,0,0,0,0,0,0,0,0
2023-08-31,0,0,0,0,0,0,0,0,0,0,0,0,0,0,0,0,0,0,0,0,0,0
2023-09-01,0,0,0,0,0,0,0,0,0,0,0,0,0,0,0,0,0,0,0,0,0,0
2023-09-05,0,0,0,0,0,0,0,0,0,0,0,0,0,0,0,0,0,0,0,0,0,0
2023-09-06,0,0,0,0,0,0,0,0,0,0,0,0,0,0,0,0,0,0,0,0,0,0
2023-09-07,0,0,0,0,0,0,0,0,0,0,0,0,0,0,0,0,0,0,0,0,0,0
2023-09-08,0,0,0,0,0,0,0,0,0,0,0,0,0,0,0,0,0,0,0,0,0,0
2023-09-11,0,0,0,0,0,0,0,0,0,0,0,0,0,0,0,0,0,0,0,0,0,0
2023-09-12,0,0,0,0,0,0,0,0,0,0,0,0,0,0,0,0,0,0,0,0,0,0
2023-09-13,0,0,0,0,0,0,0,0,0,0,0,0,0,0,0,0,0,0,0,0,0,0
2023-09-14,0,0,0,0,0,0,0,0,0,0,0,-1,0,2,0,0,5,0,0,-2,0,0
2023-09-15,0,0,0,0,0,0,0,0,0,0,0,-1,0,1,0,0,5,0,0,-2,0,0
2023-09-18,0,0,0,0,0,0,0,0,0,0,0,0,0,0,0,0,0,0,0,0,0,0
2023-09-19,0,0,0,0,0,0,0,0,0,0,0,0,0,0,0,0,0,0,0,0,0,0
2023-09-20,0,0,0,0,0,0,0,0,0,0,0,0,0,0,0,0,0,0,0,0,0,0
2023-09-21,0,0,0,0,0,0,0,0,0,0,0,0,0,0,0,0,0,0,0,0,0,0
2023-09-22,0,0,0,0,0,0,0,0,0,0,0,0,0,0,0,0,0,0,0,0,0,0
2023-09-25,0,0,0,0,0,0,0,0,0,0,0,0,0,0,0,0,0,0,0,0,0,0
2023-09-26,0,0,0,0,0,0,0,0,0,0,0,0,0,0,0,0,0,0,0,0,0,0
2023-09-27,0,0,0,0,0,0,0,0,0,0,0,-1,0,2,0,0,5,0,0,-2,0,0
2023-09-28,0,0,0,0,0,0,0,0,0,0,0,-1,0,2,0,0,5,0,0,-2,0,0
2023-09-29,0,0,0,0,0,0,0,0,0,0,0,0,0,0,0,0,0,0,0,0,0,0
2023-10-02,0,0,0,0,0,0,0,0,0,0,0,0,0,0,0,0,0,0,0,0,0,0
2023-10-03,0,0,0,0,0,0,0,0,0,0,0,0,0,0,0,0,0,0,0,0,0,0
2023-10-04,0,0,0,0,0,0,0,0,0,0,0,0,0,0,0,0,0,0,0,0,0,0
2023-10-05,0,0,0,0,0,0,0,0,0,0,0,0,0,0,0,0,0,0,0,0,0,0
2023-10-06,0,0,0,0,0,0,0,0,0,0,0,0,0,0,0,0,0,0,0,0,0,0
2023-10-09,0,0,0,0,0,0,0,0,0,0,0,0,0,0,0,0,0,0,0,0,0,0
2023-10-10,0,0,0,0,0,0,0,0,0,0,0,0,0,0,0,0,0,0,0,0,0,0
2023-10-11,0,0,0,0,0,0,0,0,0,0,0,0,0,0,0,0,0,0,0,0,0,0
2023-10-12,0,0,0,0,0,0,0,0,0,0,0,0,0,0,0,0,0,0,0,0,0,0
2023-10-13,0,0,0,0,0,0,0,0,0,0,0,0,0,0,0,0,0,0,0,0,0,0
2023-10-16,0,0,0,0,0,0,0,0,0,0,0,0,0,0,0,0,0,0,0,0,0,0
2023-10-17,0,0,0,0,0,0,0,0,0,0,0,0,0,0,0,0,0,0,0,0,0,0
2023-10-18,0,0,0,0,0,0,0,0,0,0,0,0,0,0,0,0,0,0,0,0,0,0
2023-10-19,0,0,0,0,0,0,0,0,0,0,0,0,0,0,0,0,0,0,0,0,0,0
2023-10-20,0,0,0,0,0,0,0,0,0,0,0,0,0,0,0,0,0,0,0,0,0,0
2023-10-23,0,0,0,0,0,0,0,0,0,0,0,0,0,0,0,0,0,0,0,0,0,0
2023-10-24,0,0,0,0,0,0,0,0,0,0,0,0,0,0,0,0,0,0,0,0,0,0
2023-10-25,0,0,0,0,0,0,0,0,0,0,0,-1,0,2,0,0,5,0,0,-2,0,0
2023-10-26,0,0,0,0,0,0,0,0,0,0,0,-1,0,1,0,0,5,0,0,-2,0,0
2023-10-27,0,0,0,0,0,0,0,0,0,0,0,0,0,0,0,0,0,0,0,0,0,0
2023-10-30,0,0,0,0,0,0,0,0,0,0,0,0,0,0,0,0,0,0,0,0,0,0
2023-10-31,0,0,0,0,0,0,0,0,0,0,0,0,0,0,0,0,0,0,0,0,0,0
2023-11-01,0,0,0,0,0,0,0,0,0,0,0,0,0,0,0,0,0,0,0,0,0,0
2023-11-02,0,0,0,0,0,0,0,0,0,0,0,0,0,0,0,0,0,0,0,0,0,0
2023-11-03,0,0,0,0,0,0,0,0,0,0,0,0,0,0,0,0,0,0,0,0,0,0
2023-11-06,0,0,0,0,0,0,0,0,0,0,0,0,0,0,0,0,0,0,0,0,0,0
2023-11-07,0,0,0,0,0,0,0,0,0,0,0,0,0,0,0,0,0,0,0,0,0,0
2023-11-08,0,0,0,0,0,0,0,0,0,0,0,0,0,0,0,0,0,0,0,0,0,0
2023-11-09,0,0,0,0,0,0,0,0,0,0,0,0,0,0,0,0,0,0,0,0,0,0
2023-11-10,0,0,0,0,0,0,0,0,0,0,0,0,0,0,0,0,0,0,0,0,0,0
2023-11-11,0,0,0,0,0,0,0,0,0,0,0,0,0,0,0,0,0,0,0,0,0,0
2023-11-13,0,0,0,0,0,0,0,0,0,0,0,0,0,0,0,0,0,0,0,0,0,0
2023-11-14,0,0,0,0,0,0,0,0,0,0,0,0,0,0,0,0,0,0,0,0,0,0
2023-11-15,0,0,0,0,0,0,0,0,0,0,0,0,0,0,0,0,0,0,0,0,0,0
2023-11-16,0,0,0,0,0,0,0,0,0,0,0,0,0,0,0,0,0,0,0,0,0,0
2023-11-17,0,0,0,0,0,0,0,0,0,0,0,0,0,0,0,0,0,0,0,0,0,0
2023-11-18,0,0,0,0,0,0,0,0,0,0,0,0,0,0,0,0,0,0,0,0,0,0
2023-11-20,0,0,0,0,0,0,0,0,0,0,0,0,0,0,0,0,0,0,0,0,0,0
2023-11-21,0,0,0,0,0,0,0,0,0,0,0,0,0,0,0,0,0,0,0,0,0,0
2023-11-22,0,0,0,0,0,0,0,0,0,0,0,0,0,0,0,0,0,0,0,0,0,0
2023-11-23,0,0,0,0,0,0,0,0,0,0,0,0,0,0,0,0,0,0,0,0,0,0
2023-11-24,0,0,0,0,0,0,0,0,0,0,0,0,0,0,0,0,0,0,0,0,0,0
2023-11-27,0,0,0,0,0,0,0,0,0,0,0,0,0,0,0,0,0,0,0,0,0,0
2023-11-28,0,0,0,0,0,0,0,0,0,0,0,0,0,0,0,0,0,0,0,0,0,0
2023-11-29,0,0,0,0,0,0,0,0,0,0,0,0,0,0,0,0,0,0,0,0,0,0
2023-11-30,0,0,0,0,0,0,0,0,0,0,0,0,0,0,0,0,0,0,0,0,0,0
2023-12-01,0,0,0,0,0,0,0,0,0,0,0,0,0,0,0,0,0,0,0,0,0,0
2023-12-02,0,0,0,0,0,0,0,0,0,0,0,0,0,0,0,0,0,0,0,0,0,0
2023-12-04,0,0,0,0,0,0,0,0,0,0,0,0,0,0,0,0,0,0,0,0,0,0
2023-12-05,0,0,0,0,0,0,0,0,0,0,0,0,0,0,0,0,0,0,0,0,0,0
2023-12-06,0,0,0,0,0,0,0,0,0,0,0,0,0,0,0,0,0,0,0,0,0,0
2023-12-07,0,0,0,0,0,0,0,0,0,0,0,0,0,0,0,0,0,0,0,0,0,0
2023-12-08,0,0,0,0,0,0,0,0,0,0,0,0,0,0,0,0,0,0,0,0,0,0
2023-12-09,0,0,0,0,0,0,0,0,0,0,0,0,0,0,0,0,0,0,0,0,0,0
2023-12-11,0,0,0,0,0,0,0,0,0,0,0,0,0,0,0,0,0,0,0,0,0,0
2023-12-12,0,0,0,0,0,0,0,0,0,0,0,0,0,0,0,0,0,0,0,0,0,0
2023-12-13,0,0,0,0,0,0,0,0,0,0,0,0,0,0,0,0,0,0,0,0,0,0
2023-12-14,0,0,0,0,0,0,0,0,0,0,0,0,0,0,0,0,0,0,0,0,0,0
2023-12-15,0,0,0,0,0,0,0,0,0,0,0,0,0,0,0,0,0,0,0,0,0,0
2023-12-16,0,0,0,0,0,0,0,0,0,0,0,0,0,0,0,0,0,0,0,0,0,0
2023-12-18,0,0,0,0,0,0,0,0,0,0,0,0,0,0,0,0,0,0,0,0,0,0
2023-12-19,0,0,0,0,0,0,0,0,0,0,0,0,0,0,0,0,0,0,0,0,0,0
2023-12-20,0,0,0,0,0,0,0,0,0,0,0,0,0,0,0,0,0,0,0,0,0,0
2023-12-21,0,0,0,0,0,0,0,0,0,0,0,0,0,0,0,0,0,0,0,0,0,0
2023-12-22,0,0,0,0,0,0,0,0,0,0,0,0,0,0,0,0,0,0,0,0,0,0
2023-12-23,0,0,0,0,0,0,0,0,0,0,0,0,0,0,0,0,0,0,0,0,0,0
2023-12-26,0,0,0,0,0,0,0,0,0,0,0,0,0,0,0,0,0,0,0,0,0,0
2023-12-27,0,0,0,0,0,0,0,0,0,0,0,0,0,0,0,0,0,0,0,0,0,0
2023-12-28,0,0,0,0,0,0,0,0,0,0,0,0,0,0,0,0,0,0,0,0,0,0
